START_ID|END_ID
Q_0.1|A_0
Q_0.2|A_0
Q_0.3|A_0
Q_0.4|A_0
Q_0.5|A_0
Q_0.6|A_0
Q_0.7|A_0
Q_0.8|A_0
Q_0.9|A_0
Q_0.10|A_0
Q_0.11|A_0
Q_0.12|A_0
Q_0.13|A_0
Q_0.14|A_0
Q_0.15|A_0
Q_0.16|A_0
Q_0.17|A_0
Q_0.18|A_0
Q_0.19|A_0
Q_0.20|A_0
Q_0.21|A_0
Q_0.22|A_0
Q_0.23|A_0
Q_0.24|A_0
Q_0.25|A_0
Q_0.26|A_0
Q_0.27|A_0
Q_0.28|A_0
Q_0.29|A_0
Q_0.30|A_0
Q_0.31|A_0
Q_0.32|A_0
Q_0.33|A_0
Q_0.34|A_0
Q_0.35|A_0
Q_0.36|A_0
Q_0.37|A_0
Q_0.38|A_0
Q_0.39|A_0
Q_0.40|A_0
Q_0.41|A_0
Q_0.42|A_0
Q_0.43|A_0
Q_0.44|A_0
Q_0.45|A_0
Q_0.46|A_0
Q_0.47|A_0
Q_0.48|A_0
Q_0.49|A_0
Q_0.50|A_0
Q_0.51|A_0
Q_0.52|A_0
Q_0.53|A_0
Q_0.54|A_0
Q_0.55|A_0
Q_0.56|A_0
Q_0.57|A_0
Q_0.58|A_0
Q_0.59|A_0
Q_0.60|A_0
Q_0.61|A_0
Q_0.62|A_0
Q_0.63|A_0
Q_0.64|A_0
Q_0.65|A_0
Q_0.66|A_0
Q_0.67|A_0
Q_0.68|A_0
Q_0.69|A_0
Q_0.70|A_0
Q_0.71|A_0
Q_0.72|A_0
Q_0.73|A_0
Q_0.74|A_0
Q_0.75|A_0
Q_0.76|A_0
Q_0.77|A_0
Q_0.78|A_0
Q_0.79|A_0
Q_0.80|A_0
Q_0.81|A_0
Q_0.82|A_0
Q_0.83|A_0
Q_0.84|A_0
Q_0.85|A_0
Q_0.86|A_0
Q_0.87|A_0
Q_0.88|A_0
Q_0.89|A_0
Q_0.90|A_0
Q_0.91|A_0
Q_0.92|A_0
Q_0.93|A_0
Q_0.94|A_0
Q_0.95|A_0
Q_0.96|A_0
Q_0.97|A_0
Q_0.98|A_0
Q_0.99|A_0
Q_1.1|A_1
Q_1.2|A_1
Q_1.3|A_1
Q_1.4|A_1
Q_1.5|A_1
Q_1.6|A_1
Q_1.7|A_1
Q_1.8|A_1
Q_1.9|A_1
Q_1.10|A_1
Q_1.11|A_1
Q_1.12|A_1
Q_1.13|A_1
Q_1.14|A_1
Q_1.15|A_1
Q_1.16|A_1
Q_1.17|A_1
Q_1.18|A_1
Q_1.19|A_1
Q_1.20|A_1
Q_1.21|A_1
Q_1.22|A_1
Q_1.23|A_1
Q_1.24|A_1
Q_1.25|A_1
Q_1.26|A_1
Q_1.27|A_1
Q_1.28|A_1
Q_1.29|A_1
Q_1.30|A_1
Q_1.31|A_1
Q_1.32|A_1
Q_1.33|A_1
Q_1.34|A_1
Q_1.35|A_1
Q_1.36|A_1
Q_1.37|A_1
Q_1.38|A_1
Q_1.39|A_1
Q_1.40|A_1
Q_1.41|A_1
Q_1.42|A_1
Q_1.43|A_1
Q_1.44|A_1
Q_1.45|A_1
Q_1.46|A_1
Q_1.47|A_1
Q_1.48|A_1
Q_1.49|A_1
Q_1.50|A_1
Q_1.51|A_1
Q_1.52|A_1
Q_1.53|A_1
Q_1.54|A_1
Q_1.55|A_1
Q_1.56|A_1
Q_1.57|A_1
Q_1.58|A_1
Q_1.59|A_1
Q_1.60|A_1
Q_1.61|A_1
Q_1.62|A_1
Q_1.63|A_1
Q_1.64|A_1
Q_1.65|A_1
Q_1.66|A_1
Q_1.67|A_1
Q_1.68|A_1
Q_1.69|A_1
Q_1.70|A_1
Q_1.71|A_1
Q_1.72|A_1
Q_1.73|A_1
Q_1.74|A_1
Q_1.75|A_1
Q_1.76|A_1
Q_1.77|A_1
Q_1.78|A_1
Q_1.79|A_1
Q_1.80|A_1
Q_1.81|A_1
Q_1.82|A_1
Q_1.83|A_1
Q_1.84|A_1
Q_1.85|A_1
Q_1.86|A_1
Q_1.87|A_1
Q_1.88|A_1
Q_1.89|A_1
Q_1.90|A_1
Q_1.91|A_1
Q_1.92|A_1
Q_1.93|A_1
Q_1.94|A_1
Q_1.95|A_1
Q_1.96|A_1
Q_1.97|A_1
Q_1.98|A_1
Q_1.99|A_1
Q_2.1|A_2
Q_2.2|A_2
Q_2.3|A_2
Q_2.4|A_2
Q_2.5|A_2
Q_2.6|A_2
Q_2.7|A_2
Q_2.8|A_2
Q_2.9|A_2
Q_2.10|A_2
Q_2.11|A_2
Q_2.12|A_2
Q_2.13|A_2
Q_2.14|A_2
Q_2.15|A_2
Q_2.16|A_2
Q_2.17|A_2
Q_2.18|A_2
Q_2.19|A_2
Q_2.20|A_2
Q_2.21|A_2
Q_2.22|A_2
Q_2.23|A_2
Q_2.24|A_2
Q_2.25|A_2
Q_2.26|A_2
Q_2.27|A_2
Q_2.28|A_2
Q_2.29|A_2
Q_2.30|A_2
Q_2.31|A_2
Q_2.32|A_2
Q_2.33|A_2
Q_2.34|A_2
Q_2.35|A_2
Q_2.36|A_2
Q_2.37|A_2
Q_2.38|A_2
Q_2.39|A_2
Q_2.40|A_2
Q_2.41|A_2
Q_2.42|A_2
Q_2.43|A_2
Q_2.44|A_2
Q_2.45|A_2
Q_2.46|A_2
Q_2.47|A_2
Q_2.48|A_2
Q_2.49|A_2
Q_2.50|A_2
Q_2.51|A_2
Q_2.52|A_2
Q_2.53|A_2
Q_2.54|A_2
Q_2.55|A_2
Q_2.56|A_2
Q_2.57|A_2
Q_2.58|A_2
Q_2.59|A_2
Q_2.60|A_2
Q_2.61|A_2
Q_2.62|A_2
Q_2.63|A_2
Q_2.64|A_2
Q_2.65|A_2
Q_2.66|A_2
Q_2.67|A_2
Q_2.68|A_2
Q_2.69|A_2
Q_2.70|A_2
Q_2.71|A_2
Q_2.72|A_2
Q_2.73|A_2
Q_2.74|A_2
Q_2.75|A_2
Q_2.76|A_2
Q_2.77|A_2
Q_2.78|A_2
Q_2.79|A_2
Q_2.80|A_2
Q_2.81|A_2
Q_2.82|A_2
Q_2.83|A_2
Q_2.84|A_2
Q_2.85|A_2
Q_2.86|A_2
Q_2.87|A_2
Q_2.88|A_2
Q_2.89|A_2
Q_2.90|A_2
Q_2.91|A_2
Q_2.92|A_2
Q_2.93|A_2
Q_2.94|A_2
Q_2.95|A_2
Q_2.96|A_2
Q_2.97|A_2
Q_2.98|A_2
Q_2.99|A_2
Q_3.1|A_3
Q_3.2|A_3
Q_3.3|A_3
Q_3.4|A_3
Q_3.5|A_3
Q_3.6|A_3
Q_3.7|A_3
Q_3.8|A_3
Q_3.9|A_3
Q_3.10|A_3
Q_3.11|A_3
Q_3.12|A_3
Q_3.13|A_3
Q_3.14|A_3
Q_3.15|A_3
Q_3.16|A_3
Q_3.17|A_3
Q_3.18|A_3
Q_3.19|A_3
Q_3.20|A_3
Q_3.21|A_3
Q_3.22|A_3
Q_3.23|A_3
Q_3.24|A_3
Q_3.25|A_3
Q_3.26|A_3
Q_3.27|A_3
Q_3.28|A_3
Q_3.29|A_3
Q_3.30|A_3
Q_3.31|A_3
Q_3.32|A_3
Q_3.33|A_3
Q_3.34|A_3
Q_3.35|A_3
Q_3.36|A_3
Q_3.37|A_3
Q_3.38|A_3
Q_3.39|A_3
Q_3.40|A_3
Q_3.41|A_3
Q_3.42|A_3
Q_3.43|A_3
Q_3.44|A_3
Q_3.45|A_3
Q_3.46|A_3
Q_3.47|A_3
Q_3.48|A_3
Q_3.49|A_3
Q_3.50|A_3
Q_3.51|A_3
Q_3.52|A_3
Q_3.53|A_3
Q_3.54|A_3
Q_3.55|A_3
Q_3.56|A_3
Q_3.57|A_3
Q_3.58|A_3
Q_3.59|A_3
Q_3.60|A_3
Q_3.61|A_3
Q_3.62|A_3
Q_3.63|A_3
Q_3.64|A_3
Q_3.65|A_3
Q_3.66|A_3
Q_3.67|A_3
Q_3.68|A_3
Q_3.69|A_3
Q_3.70|A_3
Q_3.71|A_3
Q_3.72|A_3
Q_3.73|A_3
Q_3.74|A_3
Q_3.75|A_3
Q_3.76|A_3
Q_3.77|A_3
Q_3.78|A_3
Q_3.79|A_3
Q_3.80|A_3
Q_3.81|A_3
Q_3.82|A_3
Q_3.83|A_3
Q_3.84|A_3
Q_3.85|A_3
Q_3.86|A_3
Q_3.87|A_3
Q_3.88|A_3
Q_3.89|A_3
Q_3.90|A_3
Q_3.91|A_3
Q_3.92|A_3
Q_3.93|A_3
Q_3.94|A_3
Q_3.95|A_3
Q_3.96|A_3
Q_3.97|A_3
Q_3.98|A_3
Q_3.99|A_3
Q_4.1|A_4
Q_4.2|A_4
Q_4.3|A_4
Q_4.4|A_4
Q_4.5|A_4
Q_4.6|A_4
Q_4.7|A_4
Q_4.8|A_4
Q_4.9|A_4
Q_4.10|A_4
Q_4.11|A_4
Q_4.12|A_4
Q_4.13|A_4
Q_4.14|A_4
Q_4.15|A_4
Q_4.16|A_4
Q_4.17|A_4
Q_4.18|A_4
Q_4.19|A_4
Q_4.20|A_4
Q_4.21|A_4
Q_4.22|A_4
Q_4.23|A_4
Q_4.24|A_4
Q_4.25|A_4
Q_4.26|A_4
Q_4.27|A_4
Q_4.28|A_4
Q_4.29|A_4
Q_4.30|A_4
Q_4.31|A_4
Q_4.32|A_4
Q_4.33|A_4
Q_4.34|A_4
Q_4.35|A_4
Q_4.36|A_4
Q_4.37|A_4
Q_4.38|A_4
Q_4.39|A_4
Q_4.40|A_4
Q_4.41|A_4
Q_4.42|A_4
Q_4.43|A_4
Q_4.44|A_4
Q_4.45|A_4
Q_4.46|A_4
Q_4.47|A_4
Q_4.48|A_4
Q_4.49|A_4
Q_4.50|A_4
Q_4.51|A_4
Q_4.52|A_4
Q_4.53|A_4
Q_4.54|A_4
Q_4.55|A_4
Q_4.56|A_4
Q_4.57|A_4
Q_4.58|A_4
Q_4.59|A_4
Q_4.60|A_4
Q_4.61|A_4
Q_4.62|A_4
Q_4.63|A_4
Q_4.64|A_4
Q_4.65|A_4
Q_4.66|A_4
Q_4.67|A_4
Q_4.68|A_4
Q_4.69|A_4
Q_4.70|A_4
Q_4.71|A_4
Q_4.72|A_4
Q_4.73|A_4
Q_4.74|A_4
Q_4.75|A_4
Q_4.76|A_4
Q_4.77|A_4
Q_4.78|A_4
Q_4.79|A_4
Q_4.80|A_4
Q_4.81|A_4
Q_4.82|A_4
Q_4.83|A_4
Q_4.84|A_4
Q_4.85|A_4
Q_4.86|A_4
Q_4.87|A_4
Q_4.88|A_4
Q_4.89|A_4
Q_4.90|A_4
Q_4.91|A_4
Q_4.92|A_4
Q_4.93|A_4
Q_4.94|A_4
Q_4.95|A_4
Q_4.96|A_4
Q_4.97|A_4
Q_4.98|A_4
Q_4.99|A_4
Q_5.1|A_5
Q_5.2|A_5
Q_5.3|A_5
Q_5.4|A_5
Q_5.5|A_5
Q_5.6|A_5
Q_5.7|A_5
Q_5.8|A_5
Q_5.9|A_5
Q_5.10|A_5
Q_5.11|A_5
Q_5.12|A_5
Q_5.13|A_5
Q_5.14|A_5
Q_5.15|A_5
Q_5.16|A_5
Q_5.17|A_5
Q_5.18|A_5
Q_5.19|A_5
Q_5.20|A_5
Q_5.21|A_5
Q_5.22|A_5
Q_5.23|A_5
Q_5.24|A_5
Q_5.25|A_5
Q_5.26|A_5
Q_5.27|A_5
Q_5.28|A_5
Q_5.29|A_5
Q_5.30|A_5
Q_5.31|A_5
Q_5.32|A_5
Q_5.33|A_5
Q_5.34|A_5
Q_5.35|A_5
Q_5.36|A_5
Q_5.37|A_5
Q_5.38|A_5
Q_5.39|A_5
Q_5.40|A_5
Q_5.41|A_5
Q_5.42|A_5
Q_5.43|A_5
Q_5.44|A_5
Q_5.45|A_5
Q_5.46|A_5
Q_5.47|A_5
Q_5.48|A_5
Q_5.49|A_5
Q_5.50|A_5
Q_5.51|A_5
Q_5.52|A_5
Q_5.53|A_5
Q_5.54|A_5
Q_5.55|A_5
Q_5.56|A_5
Q_5.57|A_5
Q_5.58|A_5
Q_5.59|A_5
Q_5.60|A_5
Q_5.61|A_5
Q_5.62|A_5
Q_5.63|A_5
Q_5.64|A_5
Q_5.65|A_5
Q_5.66|A_5
Q_5.67|A_5
Q_5.68|A_5
Q_5.69|A_5
Q_5.70|A_5
Q_5.71|A_5
Q_5.72|A_5
Q_5.73|A_5
Q_5.74|A_5
Q_5.75|A_5
Q_5.76|A_5
Q_5.77|A_5
Q_5.78|A_5
Q_5.79|A_5
Q_5.80|A_5
Q_5.81|A_5
Q_5.82|A_5
Q_5.83|A_5
Q_5.84|A_5
Q_5.85|A_5
Q_5.86|A_5
Q_5.87|A_5
Q_5.88|A_5
Q_5.89|A_5
Q_5.90|A_5
Q_5.91|A_5
Q_5.92|A_5
Q_5.93|A_5
Q_5.94|A_5
Q_5.95|A_5
Q_5.96|A_5
Q_5.97|A_5
Q_5.98|A_5
Q_5.99|A_5
Q_6.1|A_6
Q_6.2|A_6
Q_6.3|A_6
Q_6.4|A_6
Q_6.5|A_6
Q_6.6|A_6
Q_6.7|A_6
Q_6.8|A_6
Q_6.9|A_6
Q_6.10|A_6
Q_6.11|A_6
Q_6.12|A_6
Q_6.13|A_6
Q_6.14|A_6
Q_6.15|A_6
Q_6.16|A_6
Q_6.17|A_6
Q_6.18|A_6
Q_6.19|A_6
Q_6.20|A_6
Q_6.21|A_6
Q_6.22|A_6
Q_6.23|A_6
Q_6.24|A_6
Q_6.25|A_6
Q_6.26|A_6
Q_6.27|A_6
Q_6.28|A_6
Q_6.29|A_6
Q_6.30|A_6
Q_6.31|A_6
Q_6.32|A_6
Q_6.33|A_6
Q_6.34|A_6
Q_6.35|A_6
Q_6.36|A_6
Q_6.37|A_6
Q_6.38|A_6
Q_6.39|A_6
Q_6.40|A_6
Q_6.41|A_6
Q_6.42|A_6
Q_6.43|A_6
Q_6.44|A_6
Q_6.45|A_6
Q_6.46|A_6
Q_6.47|A_6
Q_6.48|A_6
Q_6.49|A_6
Q_6.50|A_6
Q_6.51|A_6
Q_6.52|A_6
Q_6.53|A_6
Q_6.54|A_6
Q_6.55|A_6
Q_6.56|A_6
Q_6.57|A_6
Q_6.58|A_6
Q_6.59|A_6
Q_6.60|A_6
Q_6.61|A_6
Q_6.62|A_6
Q_6.63|A_6
Q_6.64|A_6
Q_6.65|A_6
Q_6.66|A_6
Q_6.67|A_6
Q_6.68|A_6
Q_6.69|A_6
Q_6.70|A_6
Q_6.71|A_6
Q_6.72|A_6
Q_6.73|A_6
Q_6.74|A_6
Q_6.75|A_6
Q_6.76|A_6
Q_6.77|A_6
Q_6.78|A_6
Q_6.79|A_6
Q_6.80|A_6
Q_6.81|A_6
Q_6.82|A_6
Q_6.83|A_6
Q_6.84|A_6
Q_6.85|A_6
Q_6.86|A_6
Q_6.87|A_6
Q_6.88|A_6
Q_6.89|A_6
Q_6.90|A_6
Q_6.91|A_6
Q_6.92|A_6
Q_6.93|A_6
Q_6.94|A_6
Q_6.95|A_6
Q_6.96|A_6
Q_6.97|A_6
Q_6.98|A_6
Q_6.99|A_6
Q_7.1|A_7
Q_7.2|A_7
Q_7.3|A_7
Q_7.4|A_7
Q_7.5|A_7
Q_7.6|A_7
Q_7.7|A_7
Q_7.8|A_7
Q_7.9|A_7
Q_7.10|A_7
Q_7.11|A_7
Q_7.12|A_7
Q_7.13|A_7
Q_7.14|A_7
Q_7.15|A_7
Q_7.16|A_7
Q_7.17|A_7
Q_7.18|A_7
Q_7.19|A_7
Q_7.20|A_7
Q_7.21|A_7
Q_7.22|A_7
Q_7.23|A_7
Q_7.24|A_7
Q_7.25|A_7
Q_7.26|A_7
Q_7.27|A_7
Q_7.28|A_7
Q_7.29|A_7
Q_7.30|A_7
Q_7.31|A_7
Q_7.32|A_7
Q_7.33|A_7
Q_7.34|A_7
Q_7.35|A_7
Q_7.36|A_7
Q_7.37|A_7
Q_7.38|A_7
Q_7.39|A_7
Q_7.40|A_7
Q_7.41|A_7
Q_7.42|A_7
Q_7.43|A_7
Q_7.44|A_7
Q_7.45|A_7
Q_7.46|A_7
Q_7.47|A_7
Q_7.48|A_7
Q_7.49|A_7
Q_7.50|A_7
Q_7.51|A_7
Q_7.52|A_7
Q_7.53|A_7
Q_7.54|A_7
Q_7.55|A_7
Q_7.56|A_7
Q_7.57|A_7
Q_7.58|A_7
Q_7.59|A_7
Q_7.60|A_7
Q_7.61|A_7
Q_7.62|A_7
Q_7.63|A_7
Q_7.64|A_7
Q_7.65|A_7
Q_7.66|A_7
Q_7.67|A_7
Q_7.68|A_7
Q_7.69|A_7
Q_7.70|A_7
Q_7.71|A_7
Q_7.72|A_7
Q_7.73|A_7
Q_7.74|A_7
Q_7.75|A_7
Q_7.76|A_7
Q_7.77|A_7
Q_7.78|A_7
Q_7.79|A_7
Q_7.80|A_7
Q_7.81|A_7
Q_7.82|A_7
Q_7.83|A_7
Q_7.84|A_7
Q_7.85|A_7
Q_7.86|A_7
Q_7.87|A_7
Q_7.88|A_7
Q_7.89|A_7
Q_7.90|A_7
Q_7.91|A_7
Q_7.92|A_7
Q_7.93|A_7
Q_7.94|A_7
Q_7.95|A_7
Q_7.96|A_7
Q_7.97|A_7
Q_7.98|A_7
Q_7.99|A_7
Q_8.1|A_8
Q_8.2|A_8
Q_8.3|A_8
Q_8.4|A_8
Q_8.5|A_8
Q_8.6|A_8
Q_8.7|A_8
Q_8.8|A_8
Q_8.9|A_8
Q_8.10|A_8
Q_8.11|A_8
Q_8.12|A_8
Q_8.13|A_8
Q_8.14|A_8
Q_8.15|A_8
Q_8.16|A_8
Q_8.17|A_8
Q_8.18|A_8
Q_8.19|A_8
Q_8.20|A_8
Q_8.21|A_8
Q_8.22|A_8
Q_8.23|A_8
Q_8.24|A_8
Q_8.25|A_8
Q_8.26|A_8
Q_8.27|A_8
Q_8.28|A_8
Q_8.29|A_8
Q_8.30|A_8
Q_8.31|A_8
Q_8.32|A_8
Q_8.33|A_8
Q_8.34|A_8
Q_8.35|A_8
Q_8.36|A_8
Q_8.37|A_8
Q_8.38|A_8
Q_8.39|A_8
Q_8.40|A_8
Q_8.41|A_8
Q_8.42|A_8
Q_8.43|A_8
Q_8.44|A_8
Q_8.45|A_8
Q_8.46|A_8
Q_8.47|A_8
Q_8.48|A_8
Q_8.49|A_8
Q_8.50|A_8
Q_8.51|A_8
Q_8.52|A_8
Q_8.53|A_8
Q_8.54|A_8
Q_8.55|A_8
Q_8.56|A_8
Q_8.57|A_8
Q_8.58|A_8
Q_8.59|A_8
Q_8.60|A_8
Q_8.61|A_8
Q_8.62|A_8
Q_8.63|A_8
Q_8.64|A_8
Q_8.65|A_8
Q_8.66|A_8
Q_8.67|A_8
Q_8.68|A_8
Q_8.69|A_8
Q_8.70|A_8
Q_8.71|A_8
Q_8.72|A_8
Q_8.73|A_8
Q_8.74|A_8
Q_8.75|A_8
Q_8.76|A_8
Q_8.77|A_8
Q_8.78|A_8
Q_8.79|A_8
Q_8.80|A_8
Q_8.81|A_8
Q_8.82|A_8
Q_8.83|A_8
Q_8.84|A_8
Q_8.85|A_8
Q_8.86|A_8
Q_8.87|A_8
Q_8.88|A_8
Q_8.89|A_8
Q_8.90|A_8
Q_8.91|A_8
Q_8.92|A_8
Q_8.93|A_8
Q_8.94|A_8
Q_8.95|A_8
Q_8.96|A_8
Q_8.97|A_8
Q_8.98|A_8
Q_8.99|A_8
Q_9.1|A_9
Q_9.2|A_9
Q_9.3|A_9
Q_9.4|A_9
Q_9.5|A_9
Q_9.6|A_9
Q_9.7|A_9
Q_9.8|A_9
Q_9.9|A_9
Q_9.10|A_9
Q_9.11|A_9
Q_9.12|A_9
Q_9.13|A_9
Q_9.14|A_9
Q_9.15|A_9
Q_9.16|A_9
Q_9.17|A_9
Q_9.18|A_9
Q_9.19|A_9
Q_9.20|A_9
Q_9.21|A_9
Q_9.22|A_9
Q_9.23|A_9
Q_9.24|A_9
Q_9.25|A_9
Q_9.26|A_9
Q_9.27|A_9
Q_9.28|A_9
Q_9.29|A_9
Q_9.30|A_9
Q_9.31|A_9
Q_9.32|A_9
Q_9.33|A_9
Q_9.34|A_9
Q_9.35|A_9
Q_9.36|A_9
Q_9.37|A_9
Q_9.38|A_9
Q_9.39|A_9
Q_9.40|A_9
Q_9.41|A_9
Q_9.42|A_9
Q_9.43|A_9
Q_9.44|A_9
Q_9.45|A_9
Q_9.46|A_9
Q_9.47|A_9
Q_9.48|A_9
Q_9.49|A_9
Q_9.50|A_9
Q_9.51|A_9
Q_9.52|A_9
Q_9.53|A_9
Q_9.54|A_9
Q_9.55|A_9
Q_9.56|A_9
Q_9.57|A_9
Q_9.58|A_9
Q_9.59|A_9
Q_9.60|A_9
Q_9.61|A_9
Q_9.62|A_9
Q_9.63|A_9
Q_9.64|A_9
Q_9.65|A_9
Q_9.66|A_9
Q_9.67|A_9
Q_9.68|A_9
Q_9.69|A_9
Q_9.70|A_9
Q_9.71|A_9
Q_9.72|A_9
Q_9.73|A_9
Q_9.74|A_9
Q_9.75|A_9
Q_9.76|A_9
Q_9.77|A_9
Q_9.78|A_9
Q_9.79|A_9
Q_9.80|A_9
Q_9.81|A_9
Q_9.82|A_9
Q_9.83|A_9
Q_9.84|A_9
Q_9.85|A_9
Q_9.86|A_9
Q_9.87|A_9
Q_9.88|A_9
Q_9.89|A_9
Q_9.90|A_9
Q_9.91|A_9
Q_9.92|A_9
Q_9.93|A_9
Q_9.94|A_9
Q_9.95|A_9
Q_9.96|A_9
Q_9.97|A_9
Q_9.98|A_9
Q_9.99|A_9
Q_10.1|A_10
Q_10.2|A_10
Q_10.3|A_10
Q_10.4|A_10
Q_10.5|A_10
Q_10.6|A_10
Q_10.7|A_10
Q_10.8|A_10
Q_10.9|A_10
Q_10.10|A_10
Q_10.11|A_10
Q_10.12|A_10
Q_10.13|A_10
Q_10.14|A_10
Q_10.15|A_10
Q_10.16|A_10
Q_10.17|A_10
Q_10.18|A_10
Q_10.19|A_10
Q_10.20|A_10
Q_10.21|A_10
Q_10.22|A_10
Q_10.23|A_10
Q_10.24|A_10
Q_10.25|A_10
Q_10.26|A_10
Q_10.27|A_10
Q_10.28|A_10
Q_10.29|A_10
Q_10.30|A_10
Q_10.31|A_10
Q_10.32|A_10
Q_10.33|A_10
Q_10.34|A_10
Q_10.35|A_10
Q_10.36|A_10
Q_10.37|A_10
Q_10.38|A_10
Q_10.39|A_10
Q_10.40|A_10
Q_10.41|A_10
Q_10.42|A_10
Q_10.43|A_10
Q_10.44|A_10
Q_10.45|A_10
Q_10.46|A_10
Q_10.47|A_10
Q_10.48|A_10
Q_10.49|A_10
Q_10.50|A_10
Q_10.51|A_10
Q_10.52|A_10
Q_10.53|A_10
Q_10.54|A_10
Q_10.55|A_10
Q_10.56|A_10
Q_10.57|A_10
Q_10.58|A_10
Q_10.59|A_10
Q_10.60|A_10
Q_10.61|A_10
Q_10.62|A_10
Q_10.63|A_10
Q_10.64|A_10
Q_10.65|A_10
Q_10.66|A_10
Q_10.67|A_10
Q_10.68|A_10
Q_10.69|A_10
Q_10.70|A_10
Q_10.71|A_10
Q_10.72|A_10
Q_10.73|A_10
Q_10.74|A_10
Q_10.75|A_10
Q_10.76|A_10
Q_10.77|A_10
Q_10.78|A_10
Q_10.79|A_10
Q_10.80|A_10
Q_10.81|A_10
Q_10.82|A_10
Q_10.83|A_10
Q_10.84|A_10
Q_10.85|A_10
Q_10.86|A_10
Q_10.87|A_10
Q_10.88|A_10
Q_10.89|A_10
Q_10.90|A_10
Q_10.91|A_10
Q_10.92|A_10
Q_10.93|A_10
Q_10.94|A_10
Q_10.95|A_10
Q_10.96|A_10
Q_10.97|A_10
Q_10.98|A_10
Q_10.99|A_10
Q_11.1|A_11
Q_11.2|A_11
Q_11.3|A_11
Q_11.4|A_11
Q_11.5|A_11
Q_11.6|A_11
Q_11.7|A_11
Q_11.8|A_11
Q_11.9|A_11
Q_11.10|A_11
Q_11.11|A_11
Q_11.12|A_11
Q_11.13|A_11
Q_11.14|A_11
Q_11.15|A_11
Q_11.16|A_11
Q_11.17|A_11
Q_11.18|A_11
Q_11.19|A_11
Q_11.20|A_11
Q_11.21|A_11
Q_11.22|A_11
Q_11.23|A_11
Q_11.24|A_11
Q_11.25|A_11
Q_11.26|A_11
Q_11.27|A_11
Q_11.28|A_11
Q_11.29|A_11
Q_11.30|A_11
Q_11.31|A_11
Q_11.32|A_11
Q_11.33|A_11
Q_11.34|A_11
Q_11.35|A_11
Q_11.36|A_11
Q_11.37|A_11
Q_11.38|A_11
Q_11.39|A_11
Q_11.40|A_11
Q_11.41|A_11
Q_11.42|A_11
Q_11.43|A_11
Q_11.44|A_11
Q_11.45|A_11
Q_11.46|A_11
Q_11.47|A_11
Q_11.48|A_11
Q_11.49|A_11
Q_11.50|A_11
Q_11.51|A_11
Q_11.52|A_11
Q_11.53|A_11
Q_11.54|A_11
Q_11.55|A_11
Q_11.56|A_11
Q_11.57|A_11
Q_11.58|A_11
Q_11.59|A_11
Q_11.60|A_11
Q_11.61|A_11
Q_11.62|A_11
Q_11.63|A_11
Q_11.64|A_11
Q_11.65|A_11
Q_11.66|A_11
Q_11.67|A_11
Q_11.68|A_11
Q_11.69|A_11
Q_11.70|A_11
Q_11.71|A_11
Q_11.72|A_11
Q_11.73|A_11
Q_11.74|A_11
Q_11.75|A_11
Q_11.76|A_11
Q_11.77|A_11
Q_11.78|A_11
Q_11.79|A_11
Q_11.80|A_11
Q_11.81|A_11
Q_11.82|A_11
Q_11.83|A_11
Q_11.84|A_11
Q_11.85|A_11
Q_11.86|A_11
Q_11.87|A_11
Q_11.88|A_11
Q_11.89|A_11
Q_11.90|A_11
Q_11.91|A_11
Q_11.92|A_11
Q_11.93|A_11
Q_11.94|A_11
Q_11.95|A_11
Q_11.96|A_11
Q_11.97|A_11
Q_11.98|A_11
Q_11.99|A_11
Q_12.1|A_12
Q_12.2|A_12
Q_12.3|A_12
Q_12.4|A_12
Q_12.5|A_12
Q_12.6|A_12
Q_12.7|A_12
Q_12.8|A_12
Q_12.9|A_12
Q_12.10|A_12
Q_12.11|A_12
Q_12.12|A_12
Q_12.13|A_12
Q_12.14|A_12
Q_12.15|A_12
Q_12.16|A_12
Q_12.17|A_12
Q_12.18|A_12
Q_12.19|A_12
Q_12.20|A_12
Q_12.21|A_12
Q_12.22|A_12
Q_12.23|A_12
Q_12.24|A_12
Q_12.25|A_12
Q_12.26|A_12
Q_12.27|A_12
Q_12.28|A_12
Q_12.29|A_12
Q_12.30|A_12
Q_12.31|A_12
Q_12.32|A_12
Q_12.33|A_12
Q_12.34|A_12
Q_12.35|A_12
Q_12.36|A_12
Q_12.37|A_12
Q_12.38|A_12
Q_12.39|A_12
Q_12.40|A_12
Q_12.41|A_12
Q_12.42|A_12
Q_12.43|A_12
Q_12.44|A_12
Q_12.45|A_12
Q_12.46|A_12
Q_12.47|A_12
Q_12.48|A_12
Q_12.49|A_12
Q_12.50|A_12
Q_12.51|A_12
Q_12.52|A_12
Q_12.53|A_12
Q_12.54|A_12
Q_12.55|A_12
Q_12.56|A_12
Q_12.57|A_12
Q_12.58|A_12
Q_12.59|A_12
Q_12.60|A_12
Q_12.61|A_12
Q_12.62|A_12
Q_12.63|A_12
Q_12.64|A_12
Q_12.65|A_12
Q_12.66|A_12
Q_12.67|A_12
Q_12.68|A_12
Q_12.69|A_12
Q_12.70|A_12
Q_12.71|A_12
Q_12.72|A_12
Q_12.73|A_12
Q_12.74|A_12
Q_12.75|A_12
Q_12.76|A_12
Q_12.77|A_12
Q_12.78|A_12
Q_12.79|A_12
Q_12.80|A_12
Q_12.81|A_12
Q_12.82|A_12
Q_12.83|A_12
Q_12.84|A_12
Q_12.85|A_12
Q_12.86|A_12
Q_12.87|A_12
Q_12.88|A_12
Q_12.89|A_12
Q_12.90|A_12
Q_12.91|A_12
Q_12.92|A_12
Q_12.93|A_12
Q_12.94|A_12
Q_12.95|A_12
Q_12.96|A_12
Q_12.97|A_12
Q_12.98|A_12
Q_12.99|A_12
Q_13.1|A_13
Q_13.2|A_13
Q_13.3|A_13
Q_13.4|A_13
Q_13.5|A_13
Q_13.6|A_13
Q_13.7|A_13
Q_13.8|A_13
Q_13.9|A_13
Q_13.10|A_13
Q_13.11|A_13
Q_13.12|A_13
Q_13.13|A_13
Q_13.14|A_13
Q_13.15|A_13
Q_13.16|A_13
Q_13.17|A_13
Q_13.18|A_13
Q_13.19|A_13
Q_13.20|A_13
Q_13.21|A_13
Q_13.22|A_13
Q_13.23|A_13
Q_13.24|A_13
Q_13.25|A_13
Q_13.26|A_13
Q_13.27|A_13
Q_13.28|A_13
Q_13.29|A_13
Q_13.30|A_13
Q_13.31|A_13
Q_13.32|A_13
Q_13.33|A_13
Q_13.34|A_13
Q_13.35|A_13
Q_13.36|A_13
Q_13.37|A_13
Q_13.38|A_13
Q_13.39|A_13
Q_13.40|A_13
Q_13.41|A_13
Q_13.42|A_13
Q_13.43|A_13
Q_13.44|A_13
Q_13.45|A_13
Q_13.46|A_13
Q_13.47|A_13
Q_13.48|A_13
Q_13.49|A_13
Q_13.50|A_13
Q_13.51|A_13
Q_13.52|A_13
Q_13.53|A_13
Q_13.54|A_13
Q_13.55|A_13
Q_13.56|A_13
Q_13.57|A_13
Q_13.58|A_13
Q_13.59|A_13
Q_13.60|A_13
Q_13.61|A_13
Q_13.62|A_13
Q_13.63|A_13
Q_13.64|A_13
Q_13.65|A_13
Q_13.66|A_13
Q_13.67|A_13
Q_13.68|A_13
Q_13.69|A_13
Q_13.70|A_13
Q_13.71|A_13
Q_13.72|A_13
Q_13.73|A_13
Q_13.74|A_13
Q_13.75|A_13
Q_13.76|A_13
Q_13.77|A_13
Q_13.78|A_13
Q_13.79|A_13
Q_13.80|A_13
Q_13.81|A_13
Q_13.82|A_13
Q_13.83|A_13
Q_13.84|A_13
Q_13.85|A_13
Q_13.86|A_13
Q_13.87|A_13
Q_13.88|A_13
Q_13.89|A_13
Q_13.90|A_13
Q_13.91|A_13
Q_13.92|A_13
Q_13.93|A_13
Q_13.94|A_13
Q_13.95|A_13
Q_13.96|A_13
Q_13.97|A_13
Q_13.98|A_13
Q_13.99|A_13
Q_14.1|A_14
Q_14.2|A_14
Q_14.3|A_14
Q_14.4|A_14
Q_14.5|A_14
Q_14.6|A_14
Q_14.7|A_14
Q_14.8|A_14
Q_14.9|A_14
Q_14.10|A_14
Q_14.11|A_14
Q_14.12|A_14
Q_14.13|A_14
Q_14.14|A_14
Q_14.15|A_14
Q_14.16|A_14
Q_14.17|A_14
Q_14.18|A_14
Q_14.19|A_14
Q_14.20|A_14
Q_14.21|A_14
Q_14.22|A_14
Q_14.23|A_14
Q_14.24|A_14
Q_14.25|A_14
Q_14.26|A_14
Q_14.27|A_14
Q_14.28|A_14
Q_14.29|A_14
Q_14.30|A_14
Q_14.31|A_14
Q_14.32|A_14
Q_14.33|A_14
Q_14.34|A_14
Q_14.35|A_14
Q_14.36|A_14
Q_14.37|A_14
Q_14.38|A_14
Q_14.39|A_14
Q_14.40|A_14
Q_14.41|A_14
Q_14.42|A_14
Q_14.43|A_14
Q_14.44|A_14
Q_14.45|A_14
Q_14.46|A_14
Q_14.47|A_14
Q_14.48|A_14
Q_14.49|A_14
Q_14.50|A_14
Q_14.51|A_14
Q_14.52|A_14
Q_14.53|A_14
Q_14.54|A_14
Q_14.55|A_14
Q_14.56|A_14
Q_14.57|A_14
Q_14.58|A_14
Q_14.59|A_14
Q_14.60|A_14
Q_14.61|A_14
Q_14.62|A_14
Q_14.63|A_14
Q_14.64|A_14
Q_14.65|A_14
Q_14.66|A_14
Q_14.67|A_14
Q_14.68|A_14
Q_14.69|A_14
Q_14.70|A_14
Q_14.71|A_14
Q_14.72|A_14
Q_14.73|A_14
Q_14.74|A_14
Q_14.75|A_14
Q_14.76|A_14
Q_14.77|A_14
Q_14.78|A_14
Q_14.79|A_14
Q_14.80|A_14
Q_14.81|A_14
Q_14.82|A_14
Q_14.83|A_14
Q_14.84|A_14
Q_14.85|A_14
Q_14.86|A_14
Q_14.87|A_14
Q_14.88|A_14
Q_14.89|A_14
Q_14.90|A_14
Q_14.91|A_14
Q_14.92|A_14
Q_14.93|A_14
Q_14.94|A_14
Q_14.95|A_14
Q_14.96|A_14
Q_14.97|A_14
Q_14.98|A_14
Q_14.99|A_14
Q_15.1|A_15
Q_15.2|A_15
Q_15.3|A_15
Q_15.4|A_15
Q_15.5|A_15
Q_15.6|A_15
Q_15.7|A_15
Q_15.8|A_15
Q_15.9|A_15
Q_15.10|A_15
Q_15.11|A_15
Q_15.12|A_15
Q_15.13|A_15
Q_15.14|A_15
Q_15.15|A_15
Q_15.16|A_15
Q_15.17|A_15
Q_15.18|A_15
Q_15.19|A_15
Q_15.20|A_15
Q_15.21|A_15
Q_15.22|A_15
Q_15.23|A_15
Q_15.24|A_15
Q_15.25|A_15
Q_15.26|A_15
Q_15.27|A_15
Q_15.28|A_15
Q_15.29|A_15
Q_15.30|A_15
Q_15.31|A_15
Q_15.32|A_15
Q_15.33|A_15
Q_15.34|A_15
Q_15.35|A_15
Q_15.36|A_15
Q_15.37|A_15
Q_15.38|A_15
Q_15.39|A_15
Q_15.40|A_15
Q_15.41|A_15
Q_15.42|A_15
Q_15.43|A_15
Q_15.44|A_15
Q_15.45|A_15
Q_15.46|A_15
Q_15.47|A_15
Q_15.48|A_15
Q_15.49|A_15
Q_15.50|A_15
Q_15.51|A_15
Q_15.52|A_15
Q_15.53|A_15
Q_15.54|A_15
Q_15.55|A_15
Q_15.56|A_15
Q_15.57|A_15
Q_15.58|A_15
Q_15.59|A_15
Q_15.60|A_15
Q_15.61|A_15
Q_15.62|A_15
Q_15.63|A_15
Q_15.64|A_15
Q_15.65|A_15
Q_15.66|A_15
Q_15.67|A_15
Q_15.68|A_15
Q_15.69|A_15
Q_15.70|A_15
Q_15.71|A_15
Q_15.72|A_15
Q_15.73|A_15
Q_15.74|A_15
Q_15.75|A_15
Q_15.76|A_15
Q_15.77|A_15
Q_15.78|A_15
Q_15.79|A_15
Q_15.80|A_15
Q_15.81|A_15
Q_15.82|A_15
Q_15.83|A_15
Q_15.84|A_15
Q_15.85|A_15
Q_15.86|A_15
Q_15.87|A_15
Q_15.88|A_15
Q_15.89|A_15
Q_15.90|A_15
Q_15.91|A_15
Q_15.92|A_15
Q_15.93|A_15
Q_15.94|A_15
Q_15.95|A_15
Q_15.96|A_15
Q_15.97|A_15
Q_15.98|A_15
Q_15.99|A_15
Q_16.1|A_16
Q_16.2|A_16
Q_16.3|A_16
Q_16.4|A_16
Q_16.5|A_16
Q_16.6|A_16
Q_16.7|A_16
Q_16.8|A_16
Q_16.9|A_16
Q_16.10|A_16
Q_16.11|A_16
Q_16.12|A_16
Q_16.13|A_16
Q_16.14|A_16
Q_16.15|A_16
Q_16.16|A_16
Q_16.17|A_16
Q_16.18|A_16
Q_16.19|A_16
Q_16.20|A_16
Q_16.21|A_16
Q_16.22|A_16
Q_16.23|A_16
Q_16.24|A_16
Q_16.25|A_16
Q_16.26|A_16
Q_16.27|A_16
Q_16.28|A_16
Q_16.29|A_16
Q_16.30|A_16
Q_16.31|A_16
Q_16.32|A_16
Q_16.33|A_16
Q_16.34|A_16
Q_16.35|A_16
Q_16.36|A_16
Q_16.37|A_16
Q_16.38|A_16
Q_16.39|A_16
Q_16.40|A_16
Q_16.41|A_16
Q_16.42|A_16
Q_16.43|A_16
Q_16.44|A_16
Q_16.45|A_16
Q_16.46|A_16
Q_16.47|A_16
Q_16.48|A_16
Q_16.49|A_16
Q_16.50|A_16
Q_16.51|A_16
Q_16.52|A_16
Q_16.53|A_16
Q_16.54|A_16
Q_16.55|A_16
Q_16.56|A_16
Q_16.57|A_16
Q_16.58|A_16
Q_16.59|A_16
Q_16.60|A_16
Q_16.61|A_16
Q_16.62|A_16
Q_16.63|A_16
Q_16.64|A_16
Q_16.65|A_16
Q_16.66|A_16
Q_16.67|A_16
Q_16.68|A_16
Q_16.69|A_16
Q_16.70|A_16
Q_16.71|A_16
Q_16.72|A_16
Q_16.73|A_16
Q_16.74|A_16
Q_16.75|A_16
Q_16.76|A_16
Q_16.77|A_16
Q_16.78|A_16
Q_16.79|A_16
Q_16.80|A_16
Q_16.81|A_16
Q_16.82|A_16
Q_16.83|A_16
Q_16.84|A_16
Q_16.85|A_16
Q_16.86|A_16
Q_16.87|A_16
Q_16.88|A_16
Q_16.89|A_16
Q_16.90|A_16
Q_16.91|A_16
Q_16.92|A_16
Q_16.93|A_16
Q_16.94|A_16
Q_16.95|A_16
Q_16.96|A_16
Q_16.97|A_16
Q_16.98|A_16
Q_16.99|A_16
Q_17.1|A_17
Q_17.2|A_17
Q_17.3|A_17
Q_17.4|A_17
Q_17.5|A_17
Q_17.6|A_17
Q_17.7|A_17
Q_17.8|A_17
Q_17.9|A_17
Q_17.10|A_17
Q_17.11|A_17
Q_17.12|A_17
Q_17.13|A_17
Q_17.14|A_17
Q_17.15|A_17
Q_17.16|A_17
Q_17.17|A_17
Q_17.18|A_17
Q_17.19|A_17
Q_17.20|A_17
Q_17.21|A_17
Q_17.22|A_17
Q_17.23|A_17
Q_17.24|A_17
Q_17.25|A_17
Q_17.26|A_17
Q_17.27|A_17
Q_17.28|A_17
Q_17.29|A_17
Q_17.30|A_17
Q_17.31|A_17
Q_17.32|A_17
Q_17.33|A_17
Q_17.34|A_17
Q_17.35|A_17
Q_17.36|A_17
Q_17.37|A_17
Q_17.38|A_17
Q_17.39|A_17
Q_17.40|A_17
Q_17.41|A_17
Q_17.42|A_17
Q_17.43|A_17
Q_17.44|A_17
Q_17.45|A_17
Q_17.46|A_17
Q_17.47|A_17
Q_17.48|A_17
Q_17.49|A_17
Q_17.50|A_17
Q_17.51|A_17
Q_17.52|A_17
Q_17.53|A_17
Q_17.54|A_17
Q_17.55|A_17
Q_17.56|A_17
Q_17.57|A_17
Q_17.58|A_17
Q_17.59|A_17
Q_17.60|A_17
Q_17.61|A_17
Q_17.62|A_17
Q_17.63|A_17
Q_17.64|A_17
Q_17.65|A_17
Q_17.66|A_17
Q_17.67|A_17
Q_17.68|A_17
Q_17.69|A_17
Q_17.70|A_17
Q_17.71|A_17
Q_17.72|A_17
Q_17.73|A_17
Q_17.74|A_17
Q_17.75|A_17
Q_17.76|A_17
Q_17.77|A_17
Q_17.78|A_17
Q_17.79|A_17
Q_17.80|A_17
Q_17.81|A_17
Q_17.82|A_17
Q_17.83|A_17
Q_17.84|A_17
Q_17.85|A_17
Q_17.86|A_17
Q_17.87|A_17
Q_17.88|A_17
Q_17.89|A_17
Q_17.90|A_17
Q_17.91|A_17
Q_17.92|A_17
Q_17.93|A_17
Q_17.94|A_17
Q_17.95|A_17
Q_17.96|A_17
Q_17.97|A_17
Q_17.98|A_17
Q_17.99|A_17
Q_18.1|A_18
Q_18.2|A_18
Q_18.3|A_18
Q_18.4|A_18
Q_18.5|A_18
Q_18.6|A_18
Q_18.7|A_18
Q_18.8|A_18
Q_18.9|A_18
Q_18.10|A_18
Q_18.11|A_18
Q_18.12|A_18
Q_18.13|A_18
Q_18.14|A_18
Q_18.15|A_18
Q_18.16|A_18
Q_18.17|A_18
Q_18.18|A_18
Q_18.19|A_18
Q_18.20|A_18
Q_18.21|A_18
Q_18.22|A_18
Q_18.23|A_18
Q_18.24|A_18
Q_18.25|A_18
Q_18.26|A_18
Q_18.27|A_18
Q_18.28|A_18
Q_18.29|A_18
Q_18.30|A_18
Q_18.31|A_18
Q_18.32|A_18
Q_18.33|A_18
Q_18.34|A_18
Q_18.35|A_18
Q_18.36|A_18
Q_18.37|A_18
Q_18.38|A_18
Q_18.39|A_18
Q_18.40|A_18
Q_18.41|A_18
Q_18.42|A_18
Q_18.43|A_18
Q_18.44|A_18
Q_18.45|A_18
Q_18.46|A_18
Q_18.47|A_18
Q_18.48|A_18
Q_18.49|A_18
Q_18.50|A_18
Q_18.51|A_18
Q_18.52|A_18
Q_18.53|A_18
Q_18.54|A_18
Q_18.55|A_18
Q_18.56|A_18
Q_18.57|A_18
Q_18.58|A_18
Q_18.59|A_18
Q_18.60|A_18
Q_18.61|A_18
Q_18.62|A_18
Q_18.63|A_18
Q_18.64|A_18
Q_18.65|A_18
Q_18.66|A_18
Q_18.67|A_18
Q_18.68|A_18
Q_18.69|A_18
Q_18.70|A_18
Q_18.71|A_18
Q_18.72|A_18
Q_18.73|A_18
Q_18.74|A_18
Q_18.75|A_18
Q_18.76|A_18
Q_18.77|A_18
Q_18.78|A_18
Q_18.79|A_18
Q_18.80|A_18
Q_18.81|A_18
Q_18.82|A_18
Q_18.83|A_18
Q_18.84|A_18
Q_18.85|A_18
Q_18.86|A_18
Q_18.87|A_18
Q_18.88|A_18
Q_18.89|A_18
Q_18.90|A_18
Q_18.91|A_18
Q_18.92|A_18
Q_18.93|A_18
Q_18.94|A_18
Q_18.95|A_18
Q_18.96|A_18
Q_18.97|A_18
Q_18.98|A_18
Q_18.99|A_18
Q_19.1|A_19
Q_19.2|A_19
Q_19.3|A_19
Q_19.4|A_19
Q_19.5|A_19
Q_19.6|A_19
Q_19.7|A_19
Q_19.8|A_19
Q_19.9|A_19
Q_19.10|A_19
Q_19.11|A_19
Q_19.12|A_19
Q_19.13|A_19
Q_19.14|A_19
Q_19.15|A_19
Q_19.16|A_19
Q_19.17|A_19
Q_19.18|A_19
Q_19.19|A_19
Q_19.20|A_19
Q_19.21|A_19
Q_19.22|A_19
Q_19.23|A_19
Q_19.24|A_19
Q_19.25|A_19
Q_19.26|A_19
Q_19.27|A_19
Q_19.28|A_19
Q_19.29|A_19
Q_19.30|A_19
Q_19.31|A_19
Q_19.32|A_19
Q_19.33|A_19
Q_19.34|A_19
Q_19.35|A_19
Q_19.36|A_19
Q_19.37|A_19
Q_19.38|A_19
Q_19.39|A_19
Q_19.40|A_19
Q_19.41|A_19
Q_19.42|A_19
Q_19.43|A_19
Q_19.44|A_19
Q_19.45|A_19
Q_19.46|A_19
Q_19.47|A_19
Q_19.48|A_19
Q_19.49|A_19
Q_19.50|A_19
Q_19.51|A_19
Q_19.52|A_19
Q_19.53|A_19
Q_19.54|A_19
Q_19.55|A_19
Q_19.56|A_19
Q_19.57|A_19
Q_19.58|A_19
Q_19.59|A_19
Q_19.60|A_19
Q_19.61|A_19
Q_19.62|A_19
Q_19.63|A_19
Q_19.64|A_19
Q_19.65|A_19
Q_19.66|A_19
Q_19.67|A_19
Q_19.68|A_19
Q_19.69|A_19
Q_19.70|A_19
Q_19.71|A_19
Q_19.72|A_19
Q_19.73|A_19
Q_19.74|A_19
Q_19.75|A_19
Q_19.76|A_19
Q_19.77|A_19
Q_19.78|A_19
Q_19.79|A_19
Q_19.80|A_19
Q_19.81|A_19
Q_19.82|A_19
Q_19.83|A_19
Q_19.84|A_19
Q_19.85|A_19
Q_19.86|A_19
Q_19.87|A_19
Q_19.88|A_19
Q_19.89|A_19
Q_19.90|A_19
Q_19.91|A_19
Q_19.92|A_19
Q_19.93|A_19
Q_19.94|A_19
Q_19.95|A_19
Q_19.96|A_19
Q_19.97|A_19
Q_19.98|A_19
Q_19.99|A_19
Q_20.1|A_20
Q_20.2|A_20
Q_20.3|A_20
Q_20.4|A_20
Q_20.5|A_20
Q_20.6|A_20
Q_20.7|A_20
Q_20.8|A_20
Q_20.9|A_20
Q_20.10|A_20
Q_20.11|A_20
Q_20.12|A_20
Q_20.13|A_20
Q_20.14|A_20
Q_20.15|A_20
Q_20.16|A_20
Q_20.17|A_20
Q_20.18|A_20
Q_20.19|A_20
Q_20.20|A_20
Q_20.21|A_20
Q_20.22|A_20
Q_20.23|A_20
Q_20.24|A_20
Q_20.25|A_20
Q_20.26|A_20
Q_20.27|A_20
Q_20.28|A_20
Q_20.29|A_20
Q_20.30|A_20
Q_20.31|A_20
Q_20.32|A_20
Q_20.33|A_20
Q_20.34|A_20
Q_20.35|A_20
Q_20.36|A_20
Q_20.37|A_20
Q_20.38|A_20
Q_20.39|A_20
Q_20.40|A_20
Q_20.41|A_20
Q_20.42|A_20
Q_20.43|A_20
Q_20.44|A_20
Q_20.45|A_20
Q_20.46|A_20
Q_20.47|A_20
Q_20.48|A_20
Q_20.49|A_20
Q_20.50|A_20
Q_20.51|A_20
Q_20.52|A_20
Q_20.53|A_20
Q_20.54|A_20
Q_20.55|A_20
Q_20.56|A_20
Q_20.57|A_20
Q_20.58|A_20
Q_20.59|A_20
Q_20.60|A_20
Q_20.61|A_20
Q_20.62|A_20
Q_20.63|A_20
Q_20.64|A_20
Q_20.65|A_20
Q_20.66|A_20
Q_20.67|A_20
Q_20.68|A_20
Q_20.69|A_20
Q_20.70|A_20
Q_20.71|A_20
Q_20.72|A_20
Q_20.73|A_20
Q_20.74|A_20
Q_20.75|A_20
Q_20.76|A_20
Q_20.77|A_20
Q_20.78|A_20
Q_20.79|A_20
Q_20.80|A_20
Q_20.81|A_20
Q_20.82|A_20
Q_20.83|A_20
Q_20.84|A_20
Q_20.85|A_20
Q_20.86|A_20
Q_20.87|A_20
Q_20.88|A_20
Q_20.89|A_20
Q_20.90|A_20
Q_20.91|A_20
Q_20.92|A_20
Q_20.93|A_20
Q_20.94|A_20
Q_20.95|A_20
Q_20.96|A_20
Q_20.97|A_20
Q_20.98|A_20
Q_20.99|A_20
Q_21.1|A_21
Q_21.2|A_21
Q_21.3|A_21
Q_21.4|A_21
Q_21.5|A_21
Q_21.6|A_21
Q_21.7|A_21
Q_21.8|A_21
Q_21.9|A_21
Q_21.10|A_21
Q_21.11|A_21
Q_21.12|A_21
Q_21.13|A_21
Q_21.14|A_21
Q_21.15|A_21
Q_21.16|A_21
Q_21.17|A_21
Q_21.18|A_21
Q_21.19|A_21
Q_21.20|A_21
Q_21.21|A_21
Q_21.22|A_21
Q_21.23|A_21
Q_21.24|A_21
Q_21.25|A_21
Q_21.26|A_21
Q_21.27|A_21
Q_21.28|A_21
Q_21.29|A_21
Q_21.30|A_21
Q_21.31|A_21
Q_21.32|A_21
Q_21.33|A_21
Q_21.34|A_21
Q_21.35|A_21
Q_21.36|A_21
Q_21.37|A_21
Q_21.38|A_21
Q_21.39|A_21
Q_21.40|A_21
Q_21.41|A_21
Q_21.42|A_21
Q_21.43|A_21
Q_21.44|A_21
Q_21.45|A_21
Q_21.46|A_21
Q_21.47|A_21
Q_21.48|A_21
Q_21.49|A_21
Q_21.50|A_21
Q_21.51|A_21
Q_21.52|A_21
Q_21.53|A_21
Q_21.54|A_21
Q_21.55|A_21
Q_21.56|A_21
Q_21.57|A_21
Q_21.58|A_21
Q_21.59|A_21
Q_21.60|A_21
Q_21.61|A_21
Q_21.62|A_21
Q_21.63|A_21
Q_21.64|A_21
Q_21.65|A_21
Q_21.66|A_21
Q_21.67|A_21
Q_21.68|A_21
Q_21.69|A_21
Q_21.70|A_21
Q_21.71|A_21
Q_21.72|A_21
Q_21.73|A_21
Q_21.74|A_21
Q_21.75|A_21
Q_21.76|A_21
Q_21.77|A_21
Q_21.78|A_21
Q_21.79|A_21
Q_21.80|A_21
Q_21.81|A_21
Q_21.82|A_21
Q_21.83|A_21
Q_21.84|A_21
Q_21.85|A_21
Q_21.86|A_21
Q_21.87|A_21
Q_21.88|A_21
Q_21.89|A_21
Q_21.90|A_21
Q_21.91|A_21
Q_21.92|A_21
Q_21.93|A_21
Q_21.94|A_21
Q_21.95|A_21
Q_21.96|A_21
Q_21.97|A_21
Q_21.98|A_21
Q_21.99|A_21
Q_22.1|A_22
Q_22.2|A_22
Q_22.3|A_22
Q_22.4|A_22
Q_22.5|A_22
Q_22.6|A_22
Q_22.7|A_22
Q_22.8|A_22
Q_22.9|A_22
Q_22.10|A_22
Q_22.11|A_22
Q_22.12|A_22
Q_22.13|A_22
Q_22.14|A_22
Q_22.15|A_22
Q_22.16|A_22
Q_22.17|A_22
Q_22.18|A_22
Q_22.19|A_22
Q_22.20|A_22
Q_22.21|A_22
Q_22.22|A_22
Q_22.23|A_22
Q_22.24|A_22
Q_22.25|A_22
Q_22.26|A_22
Q_22.27|A_22
Q_22.28|A_22
Q_22.29|A_22
Q_22.30|A_22
Q_22.31|A_22
Q_22.32|A_22
Q_22.33|A_22
Q_22.34|A_22
Q_22.35|A_22
Q_22.36|A_22
Q_22.37|A_22
Q_22.38|A_22
Q_22.39|A_22
Q_22.40|A_22
Q_22.41|A_22
Q_22.42|A_22
Q_22.43|A_22
Q_22.44|A_22
Q_22.45|A_22
Q_22.46|A_22
Q_22.47|A_22
Q_22.48|A_22
Q_22.49|A_22
Q_22.50|A_22
Q_22.51|A_22
Q_22.52|A_22
Q_22.53|A_22
Q_22.54|A_22
Q_22.55|A_22
Q_22.56|A_22
Q_22.57|A_22
Q_22.58|A_22
Q_22.59|A_22
Q_22.60|A_22
Q_22.61|A_22
Q_22.62|A_22
Q_22.63|A_22
Q_22.64|A_22
Q_22.65|A_22
Q_22.66|A_22
Q_22.67|A_22
Q_22.68|A_22
Q_22.69|A_22
Q_22.70|A_22
Q_22.71|A_22
Q_22.72|A_22
Q_22.73|A_22
Q_22.74|A_22
Q_22.75|A_22
Q_22.76|A_22
Q_22.77|A_22
Q_22.78|A_22
Q_22.79|A_22
Q_22.80|A_22
Q_22.81|A_22
Q_22.82|A_22
Q_22.83|A_22
Q_22.84|A_22
Q_22.85|A_22
Q_22.86|A_22
Q_22.87|A_22
Q_22.88|A_22
Q_22.89|A_22
Q_22.90|A_22
Q_22.91|A_22
Q_22.92|A_22
Q_22.93|A_22
Q_22.94|A_22
Q_22.95|A_22
Q_22.96|A_22
Q_22.97|A_22
Q_22.98|A_22
Q_22.99|A_22
Q_23.1|A_23
Q_23.2|A_23
Q_23.3|A_23
Q_23.4|A_23
Q_23.5|A_23
Q_23.6|A_23
Q_23.7|A_23
Q_23.8|A_23
Q_23.9|A_23
Q_23.10|A_23
Q_23.11|A_23
Q_23.12|A_23
Q_23.13|A_23
Q_23.14|A_23
Q_23.15|A_23
Q_23.16|A_23
Q_23.17|A_23
Q_23.18|A_23
Q_23.19|A_23
Q_23.20|A_23
Q_23.21|A_23
Q_23.22|A_23
Q_23.23|A_23
Q_23.24|A_23
Q_23.25|A_23
Q_23.26|A_23
Q_23.27|A_23
Q_23.28|A_23
Q_23.29|A_23
Q_23.30|A_23
Q_23.31|A_23
Q_23.32|A_23
Q_23.33|A_23
Q_23.34|A_23
Q_23.35|A_23
Q_23.36|A_23
Q_23.37|A_23
Q_23.38|A_23
Q_23.39|A_23
Q_23.40|A_23
Q_23.41|A_23
Q_23.42|A_23
Q_23.43|A_23
Q_23.44|A_23
Q_23.45|A_23
Q_23.46|A_23
Q_23.47|A_23
Q_23.48|A_23
Q_23.49|A_23
Q_23.50|A_23
Q_23.51|A_23
Q_23.52|A_23
Q_23.53|A_23
Q_23.54|A_23
Q_23.55|A_23
Q_23.56|A_23
Q_23.57|A_23
Q_23.58|A_23
Q_23.59|A_23
Q_23.60|A_23
Q_23.61|A_23
Q_23.62|A_23
Q_23.63|A_23
Q_23.64|A_23
Q_23.65|A_23
Q_23.66|A_23
Q_23.67|A_23
Q_23.68|A_23
Q_23.69|A_23
Q_23.70|A_23
Q_23.71|A_23
Q_23.72|A_23
Q_23.73|A_23
Q_23.74|A_23
Q_23.75|A_23
Q_23.76|A_23
Q_23.77|A_23
Q_23.78|A_23
Q_23.79|A_23
Q_23.80|A_23
Q_23.81|A_23
Q_23.82|A_23
Q_23.83|A_23
Q_23.84|A_23
Q_23.85|A_23
Q_23.86|A_23
Q_23.87|A_23
Q_23.88|A_23
Q_23.89|A_23
Q_23.90|A_23
Q_23.91|A_23
Q_23.92|A_23
Q_23.93|A_23
Q_23.94|A_23
Q_23.95|A_23
Q_23.96|A_23
Q_23.97|A_23
Q_23.98|A_23
Q_23.99|A_23
Q_24.1|A_24
Q_24.2|A_24
Q_24.3|A_24
Q_24.4|A_24
Q_24.5|A_24
Q_24.6|A_24
Q_24.7|A_24
Q_24.8|A_24
Q_24.9|A_24
Q_24.10|A_24
Q_24.11|A_24
Q_24.12|A_24
Q_24.13|A_24
Q_24.14|A_24
Q_24.15|A_24
Q_24.16|A_24
Q_24.17|A_24
Q_24.18|A_24
Q_24.19|A_24
Q_24.20|A_24
Q_24.21|A_24
Q_24.22|A_24
Q_24.23|A_24
Q_24.24|A_24
Q_24.25|A_24
Q_24.26|A_24
Q_24.27|A_24
Q_24.28|A_24
Q_24.29|A_24
Q_24.30|A_24
Q_24.31|A_24
Q_24.32|A_24
Q_24.33|A_24
Q_24.34|A_24
Q_24.35|A_24
Q_24.36|A_24
Q_24.37|A_24
Q_24.38|A_24
Q_24.39|A_24
Q_24.40|A_24
Q_24.41|A_24
Q_24.42|A_24
Q_24.43|A_24
Q_24.44|A_24
Q_24.45|A_24
Q_24.46|A_24
Q_24.47|A_24
Q_24.48|A_24
Q_24.49|A_24
Q_24.50|A_24
Q_24.51|A_24
Q_24.52|A_24
Q_24.53|A_24
Q_24.54|A_24
Q_24.55|A_24
Q_24.56|A_24
Q_24.57|A_24
Q_24.58|A_24
Q_24.59|A_24
Q_24.60|A_24
Q_24.61|A_24
Q_24.62|A_24
Q_24.63|A_24
Q_24.64|A_24
Q_24.65|A_24
Q_24.66|A_24
Q_24.67|A_24
Q_24.68|A_24
Q_24.69|A_24
Q_24.70|A_24
Q_24.71|A_24
Q_24.72|A_24
Q_24.73|A_24
Q_24.74|A_24
Q_24.75|A_24
Q_24.76|A_24
Q_24.77|A_24
Q_24.78|A_24
Q_24.79|A_24
Q_24.80|A_24
Q_24.81|A_24
Q_24.82|A_24
Q_24.83|A_24
Q_24.84|A_24
Q_24.85|A_24
Q_24.86|A_24
Q_24.87|A_24
Q_24.88|A_24
Q_24.89|A_24
Q_24.90|A_24
Q_24.91|A_24
Q_24.92|A_24
Q_24.93|A_24
Q_24.94|A_24
Q_24.95|A_24
Q_24.96|A_24
Q_24.97|A_24
Q_24.98|A_24
Q_24.99|A_24
Q_25.1|A_25
Q_25.2|A_25
Q_25.3|A_25
Q_25.4|A_25
Q_25.5|A_25
Q_25.6|A_25
Q_25.7|A_25
Q_25.8|A_25
Q_25.9|A_25
Q_25.10|A_25
Q_25.11|A_25
Q_25.12|A_25
Q_25.13|A_25
Q_25.14|A_25
Q_25.15|A_25
Q_25.16|A_25
Q_25.17|A_25
Q_25.18|A_25
Q_25.19|A_25
Q_25.20|A_25
Q_25.21|A_25
Q_25.22|A_25
Q_25.23|A_25
Q_25.24|A_25
Q_25.25|A_25
Q_25.26|A_25
Q_25.27|A_25
Q_25.28|A_25
Q_25.29|A_25
Q_25.30|A_25
Q_25.31|A_25
Q_25.32|A_25
Q_25.33|A_25
Q_25.34|A_25
Q_25.35|A_25
Q_25.36|A_25
Q_25.37|A_25
Q_25.38|A_25
Q_25.39|A_25
Q_25.40|A_25
Q_25.41|A_25
Q_25.42|A_25
Q_25.43|A_25
Q_25.44|A_25
Q_25.45|A_25
Q_25.46|A_25
Q_25.47|A_25
Q_25.48|A_25
Q_25.49|A_25
Q_25.50|A_25
Q_25.51|A_25
Q_25.52|A_25
Q_25.53|A_25
Q_25.54|A_25
Q_25.55|A_25
Q_25.56|A_25
Q_25.57|A_25
Q_25.58|A_25
Q_25.59|A_25
Q_25.60|A_25
Q_25.61|A_25
Q_25.62|A_25
Q_25.63|A_25
Q_25.64|A_25
Q_25.65|A_25
Q_25.66|A_25
Q_25.67|A_25
Q_25.68|A_25
Q_25.69|A_25
Q_25.70|A_25
Q_25.71|A_25
Q_25.72|A_25
Q_25.73|A_25
Q_25.74|A_25
Q_25.75|A_25
Q_25.76|A_25
Q_25.77|A_25
Q_25.78|A_25
Q_25.79|A_25
Q_25.80|A_25
Q_25.81|A_25
Q_25.82|A_25
Q_25.83|A_25
Q_25.84|A_25
Q_25.85|A_25
Q_25.86|A_25
Q_25.87|A_25
Q_25.88|A_25
Q_25.89|A_25
Q_25.90|A_25
Q_25.91|A_25
Q_25.92|A_25
Q_25.93|A_25
Q_25.94|A_25
Q_25.95|A_25
Q_25.96|A_25
Q_25.97|A_25
Q_25.98|A_25
Q_25.99|A_25
Q_26.1|A_26
Q_26.2|A_26
Q_26.3|A_26
Q_26.4|A_26
Q_26.5|A_26
Q_26.6|A_26
Q_26.7|A_26
Q_26.8|A_26
Q_26.9|A_26
Q_26.10|A_26
Q_26.11|A_26
Q_26.12|A_26
Q_26.13|A_26
Q_26.14|A_26
Q_26.15|A_26
Q_26.16|A_26
Q_26.17|A_26
Q_26.18|A_26
Q_26.19|A_26
Q_26.20|A_26
Q_26.21|A_26
Q_26.22|A_26
Q_26.23|A_26
Q_26.24|A_26
Q_26.25|A_26
Q_26.26|A_26
Q_26.27|A_26
Q_26.28|A_26
Q_26.29|A_26
Q_26.30|A_26
Q_26.31|A_26
Q_26.32|A_26
Q_26.33|A_26
Q_26.34|A_26
Q_26.35|A_26
Q_26.36|A_26
Q_26.37|A_26
Q_26.38|A_26
Q_26.39|A_26
Q_26.40|A_26
Q_26.41|A_26
Q_26.42|A_26
Q_26.43|A_26
Q_26.44|A_26
Q_26.45|A_26
Q_26.46|A_26
Q_26.47|A_26
Q_26.48|A_26
Q_26.49|A_26
Q_26.50|A_26
Q_26.51|A_26
Q_26.52|A_26
Q_26.53|A_26
Q_26.54|A_26
Q_26.55|A_26
Q_26.56|A_26
Q_26.57|A_26
Q_26.58|A_26
Q_26.59|A_26
Q_26.60|A_26
Q_26.61|A_26
Q_26.62|A_26
Q_26.63|A_26
Q_26.64|A_26
Q_26.65|A_26
Q_26.66|A_26
Q_26.67|A_26
Q_26.68|A_26
Q_26.69|A_26
Q_26.70|A_26
Q_26.71|A_26
Q_26.72|A_26
Q_26.73|A_26
Q_26.74|A_26
Q_26.75|A_26
Q_26.76|A_26
Q_26.77|A_26
Q_26.78|A_26
Q_26.79|A_26
Q_26.80|A_26
Q_26.81|A_26
Q_26.82|A_26
Q_26.83|A_26
Q_26.84|A_26
Q_26.85|A_26
Q_26.86|A_26
Q_26.87|A_26
Q_26.88|A_26
Q_26.89|A_26
Q_26.90|A_26
Q_26.91|A_26
Q_26.92|A_26
Q_26.93|A_26
Q_26.94|A_26
Q_26.95|A_26
Q_26.96|A_26
Q_26.97|A_26
Q_26.98|A_26
Q_26.99|A_26
Q_27.1|A_27
Q_27.2|A_27
Q_27.3|A_27
Q_27.4|A_27
Q_27.5|A_27
Q_27.6|A_27
Q_27.7|A_27
Q_27.8|A_27
Q_27.9|A_27
Q_27.10|A_27
Q_27.11|A_27
Q_27.12|A_27
Q_27.13|A_27
Q_27.14|A_27
Q_27.15|A_27
Q_27.16|A_27
Q_27.17|A_27
Q_27.18|A_27
Q_27.19|A_27
Q_27.20|A_27
Q_27.21|A_27
Q_27.22|A_27
Q_27.23|A_27
Q_27.24|A_27
Q_27.25|A_27
Q_27.26|A_27
Q_27.27|A_27
Q_27.28|A_27
Q_27.29|A_27
Q_27.30|A_27
Q_27.31|A_27
Q_27.32|A_27
Q_27.33|A_27
Q_27.34|A_27
Q_27.35|A_27
Q_27.36|A_27
Q_27.37|A_27
Q_27.38|A_27
Q_27.39|A_27
Q_27.40|A_27
Q_27.41|A_27
Q_27.42|A_27
Q_27.43|A_27
Q_27.44|A_27
Q_27.45|A_27
Q_27.46|A_27
Q_27.47|A_27
Q_27.48|A_27
Q_27.49|A_27
Q_27.50|A_27
Q_27.51|A_27
Q_27.52|A_27
Q_27.53|A_27
Q_27.54|A_27
Q_27.55|A_27
Q_27.56|A_27
Q_27.57|A_27
Q_27.58|A_27
Q_27.59|A_27
Q_27.60|A_27
Q_27.61|A_27
Q_27.62|A_27
Q_27.63|A_27
Q_27.64|A_27
Q_27.65|A_27
Q_27.66|A_27
Q_27.67|A_27
Q_27.68|A_27
Q_27.69|A_27
Q_27.70|A_27
Q_27.71|A_27
Q_27.72|A_27
Q_27.73|A_27
Q_27.74|A_27
Q_27.75|A_27
Q_27.76|A_27
Q_27.77|A_27
Q_27.78|A_27
Q_27.79|A_27
Q_27.80|A_27
Q_27.81|A_27
Q_27.82|A_27
Q_27.83|A_27
Q_27.84|A_27
Q_27.85|A_27
Q_27.86|A_27
Q_27.87|A_27
Q_27.88|A_27
Q_27.89|A_27
Q_27.90|A_27
Q_27.91|A_27
Q_27.92|A_27
Q_27.93|A_27
Q_27.94|A_27
Q_27.95|A_27
Q_27.96|A_27
Q_27.97|A_27
Q_27.98|A_27
Q_27.99|A_27
Q_28.1|A_28
Q_28.2|A_28
Q_28.3|A_28
Q_28.4|A_28
Q_28.5|A_28
Q_28.6|A_28
Q_28.7|A_28
Q_28.8|A_28
Q_28.9|A_28
Q_28.10|A_28
Q_28.11|A_28
Q_28.12|A_28
Q_28.13|A_28
Q_28.14|A_28
Q_28.15|A_28
Q_28.16|A_28
Q_28.17|A_28
Q_28.18|A_28
Q_28.19|A_28
Q_28.20|A_28
Q_28.21|A_28
Q_28.22|A_28
Q_28.23|A_28
Q_28.24|A_28
Q_28.25|A_28
Q_28.26|A_28
Q_28.27|A_28
Q_28.28|A_28
Q_28.29|A_28
Q_28.30|A_28
Q_28.31|A_28
Q_28.32|A_28
Q_28.33|A_28
Q_28.34|A_28
Q_28.35|A_28
Q_28.36|A_28
Q_28.37|A_28
Q_28.38|A_28
Q_28.39|A_28
Q_28.40|A_28
Q_28.41|A_28
Q_28.42|A_28
Q_28.43|A_28
Q_28.44|A_28
Q_28.45|A_28
Q_28.46|A_28
Q_28.47|A_28
Q_28.48|A_28
Q_28.49|A_28
Q_28.50|A_28
Q_28.51|A_28
Q_28.52|A_28
Q_28.53|A_28
Q_28.54|A_28
Q_28.55|A_28
Q_28.56|A_28
Q_28.57|A_28
Q_28.58|A_28
Q_28.59|A_28
Q_28.60|A_28
Q_28.61|A_28
Q_28.62|A_28
Q_28.63|A_28
Q_28.64|A_28
Q_28.65|A_28
Q_28.66|A_28
Q_28.67|A_28
Q_28.68|A_28
Q_28.69|A_28
Q_28.70|A_28
Q_28.71|A_28
Q_28.72|A_28
Q_28.73|A_28
Q_28.74|A_28
Q_28.75|A_28
Q_28.76|A_28
Q_28.77|A_28
Q_28.78|A_28
Q_28.79|A_28
Q_28.80|A_28
Q_28.81|A_28
Q_28.82|A_28
Q_28.83|A_28
Q_28.84|A_28
Q_28.85|A_28
Q_28.86|A_28
Q_28.87|A_28
Q_28.88|A_28
Q_28.89|A_28
Q_28.90|A_28
Q_28.91|A_28
Q_28.92|A_28
Q_28.93|A_28
Q_28.94|A_28
Q_28.95|A_28
Q_28.96|A_28
Q_28.97|A_28
Q_28.98|A_28
Q_28.99|A_28
Q_29.1|A_29
Q_29.2|A_29
Q_29.3|A_29
Q_29.4|A_29
Q_29.5|A_29
Q_29.6|A_29
Q_29.7|A_29
Q_29.8|A_29
Q_29.9|A_29
Q_29.10|A_29
Q_29.11|A_29
Q_29.12|A_29
Q_29.13|A_29
Q_29.14|A_29
Q_29.15|A_29
Q_29.16|A_29
Q_29.17|A_29
Q_29.18|A_29
Q_29.19|A_29
Q_29.20|A_29
Q_29.21|A_29
Q_29.22|A_29
Q_29.23|A_29
Q_29.24|A_29
Q_29.25|A_29
Q_29.26|A_29
Q_29.27|A_29
Q_29.28|A_29
Q_29.29|A_29
Q_29.30|A_29
Q_29.31|A_29
Q_29.32|A_29
Q_29.33|A_29
Q_29.34|A_29
Q_29.35|A_29
Q_29.36|A_29
Q_29.37|A_29
Q_29.38|A_29
Q_29.39|A_29
Q_29.40|A_29
Q_29.41|A_29
Q_29.42|A_29
Q_29.43|A_29
Q_29.44|A_29
Q_29.45|A_29
Q_29.46|A_29
Q_29.47|A_29
Q_29.48|A_29
Q_29.49|A_29
Q_29.50|A_29
Q_29.51|A_29
Q_29.52|A_29
Q_29.53|A_29
Q_29.54|A_29
Q_29.55|A_29
Q_29.56|A_29
Q_29.57|A_29
Q_29.58|A_29
Q_29.59|A_29
Q_29.60|A_29
Q_29.61|A_29
Q_29.62|A_29
Q_29.63|A_29
Q_29.64|A_29
Q_29.65|A_29
Q_29.66|A_29
Q_29.67|A_29
Q_29.68|A_29
Q_29.69|A_29
Q_29.70|A_29
Q_29.71|A_29
Q_29.72|A_29
Q_29.73|A_29
Q_29.74|A_29
Q_29.75|A_29
Q_29.76|A_29
Q_29.77|A_29
Q_29.78|A_29
Q_29.79|A_29
Q_29.80|A_29
Q_29.81|A_29
Q_29.82|A_29
Q_29.83|A_29
Q_29.84|A_29
Q_29.85|A_29
Q_29.86|A_29
Q_29.87|A_29
Q_29.88|A_29
Q_29.89|A_29
Q_29.90|A_29
Q_29.91|A_29
Q_29.92|A_29
Q_29.93|A_29
Q_29.94|A_29
Q_29.95|A_29
Q_29.96|A_29
Q_29.97|A_29
Q_29.98|A_29
Q_29.99|A_29
Q_30.1|A_30
Q_30.2|A_30
Q_30.3|A_30
Q_30.4|A_30
Q_30.5|A_30
Q_30.6|A_30
Q_30.7|A_30
Q_30.8|A_30
Q_30.9|A_30
Q_30.10|A_30
Q_30.11|A_30
Q_30.12|A_30
Q_30.13|A_30
Q_30.14|A_30
Q_30.15|A_30
Q_30.16|A_30
Q_30.17|A_30
Q_30.18|A_30
Q_30.19|A_30
Q_30.20|A_30
Q_30.21|A_30
Q_30.22|A_30
Q_30.23|A_30
Q_30.24|A_30
Q_30.25|A_30
Q_30.26|A_30
Q_30.27|A_30
Q_30.28|A_30
Q_30.29|A_30
Q_30.30|A_30
Q_30.31|A_30
Q_30.32|A_30
Q_30.33|A_30
Q_30.34|A_30
Q_30.35|A_30
Q_30.36|A_30
Q_30.37|A_30
Q_30.38|A_30
Q_30.39|A_30
Q_30.40|A_30
Q_30.41|A_30
Q_30.42|A_30
Q_30.43|A_30
Q_30.44|A_30
Q_30.45|A_30
Q_30.46|A_30
Q_30.47|A_30
Q_30.48|A_30
Q_30.49|A_30
Q_30.50|A_30
Q_30.51|A_30
Q_30.52|A_30
Q_30.53|A_30
Q_30.54|A_30
Q_30.55|A_30
Q_30.56|A_30
Q_30.57|A_30
Q_30.58|A_30
Q_30.59|A_30
Q_30.60|A_30
Q_30.61|A_30
Q_30.62|A_30
Q_30.63|A_30
Q_30.64|A_30
Q_30.65|A_30
Q_30.66|A_30
Q_30.67|A_30
Q_30.68|A_30
Q_30.69|A_30
Q_30.70|A_30
Q_30.71|A_30
Q_30.72|A_30
Q_30.73|A_30
Q_30.74|A_30
Q_30.75|A_30
Q_30.76|A_30
Q_30.77|A_30
Q_30.78|A_30
Q_30.79|A_30
Q_30.80|A_30
Q_30.81|A_30
Q_30.82|A_30
Q_30.83|A_30
Q_30.84|A_30
Q_30.85|A_30
Q_30.86|A_30
Q_30.87|A_30
Q_30.88|A_30
Q_30.89|A_30
Q_30.90|A_30
Q_30.91|A_30
Q_30.92|A_30
Q_30.93|A_30
Q_30.94|A_30
Q_30.95|A_30
Q_30.96|A_30
Q_30.97|A_30
Q_30.98|A_30
Q_30.99|A_30
Q_31.1|A_31
Q_31.2|A_31
Q_31.3|A_31
Q_31.4|A_31
Q_31.5|A_31
Q_31.6|A_31
Q_31.7|A_31
Q_31.8|A_31
Q_31.9|A_31
Q_31.10|A_31
Q_31.11|A_31
Q_31.12|A_31
Q_31.13|A_31
Q_31.14|A_31
Q_31.15|A_31
Q_31.16|A_31
Q_31.17|A_31
Q_31.18|A_31
Q_31.19|A_31
Q_31.20|A_31
Q_31.21|A_31
Q_31.22|A_31
Q_31.23|A_31
Q_31.24|A_31
Q_31.25|A_31
Q_31.26|A_31
Q_31.27|A_31
Q_31.28|A_31
Q_31.29|A_31
Q_31.30|A_31
Q_31.31|A_31
Q_31.32|A_31
Q_31.33|A_31
Q_31.34|A_31
Q_31.35|A_31
Q_31.36|A_31
Q_31.37|A_31
Q_31.38|A_31
Q_31.39|A_31
Q_31.40|A_31
Q_31.41|A_31
Q_31.42|A_31
Q_31.43|A_31
Q_31.44|A_31
Q_31.45|A_31
Q_31.46|A_31
Q_31.47|A_31
Q_31.48|A_31
Q_31.49|A_31
Q_31.50|A_31
Q_31.51|A_31
Q_31.52|A_31
Q_31.53|A_31
Q_31.54|A_31
Q_31.55|A_31
Q_31.56|A_31
Q_31.57|A_31
Q_31.58|A_31
Q_31.59|A_31
Q_31.60|A_31
Q_31.61|A_31
Q_31.62|A_31
Q_31.63|A_31
Q_31.64|A_31
Q_31.65|A_31
Q_31.66|A_31
Q_31.67|A_31
Q_31.68|A_31
Q_31.69|A_31
Q_31.70|A_31
Q_31.71|A_31
Q_31.72|A_31
Q_31.73|A_31
Q_31.74|A_31
Q_31.75|A_31
Q_31.76|A_31
Q_31.77|A_31
Q_31.78|A_31
Q_31.79|A_31
Q_31.80|A_31
Q_31.81|A_31
Q_31.82|A_31
Q_31.83|A_31
Q_31.84|A_31
Q_31.85|A_31
Q_31.86|A_31
Q_31.87|A_31
Q_31.88|A_31
Q_31.89|A_31
Q_31.90|A_31
Q_31.91|A_31
Q_31.92|A_31
Q_31.93|A_31
Q_31.94|A_31
Q_31.95|A_31
Q_31.96|A_31
Q_31.97|A_31
Q_31.98|A_31
Q_31.99|A_31
Q_32.1|A_32
Q_32.2|A_32
Q_32.3|A_32
Q_32.4|A_32
Q_32.5|A_32
Q_32.6|A_32
Q_32.7|A_32
Q_32.8|A_32
Q_32.9|A_32
Q_32.10|A_32
Q_32.11|A_32
Q_32.12|A_32
Q_32.13|A_32
Q_32.14|A_32
Q_32.15|A_32
Q_32.16|A_32
Q_32.17|A_32
Q_32.18|A_32
Q_32.19|A_32
Q_32.20|A_32
Q_32.21|A_32
Q_32.22|A_32
Q_32.23|A_32
Q_32.24|A_32
Q_32.25|A_32
Q_32.26|A_32
Q_32.27|A_32
Q_32.28|A_32
Q_32.29|A_32
Q_32.30|A_32
Q_32.31|A_32
Q_32.32|A_32
Q_32.33|A_32
Q_32.34|A_32
Q_32.35|A_32
Q_32.36|A_32
Q_32.37|A_32
Q_32.38|A_32
Q_32.39|A_32
Q_32.40|A_32
Q_32.41|A_32
Q_32.42|A_32
Q_32.43|A_32
Q_32.44|A_32
Q_32.45|A_32
Q_32.46|A_32
Q_32.47|A_32
Q_32.48|A_32
Q_32.49|A_32
Q_32.50|A_32
Q_32.51|A_32
Q_32.52|A_32
Q_32.53|A_32
Q_32.54|A_32
Q_32.55|A_32
Q_32.56|A_32
Q_32.57|A_32
Q_32.58|A_32
Q_32.59|A_32
Q_32.60|A_32
Q_32.61|A_32
Q_32.62|A_32
Q_32.63|A_32
Q_32.64|A_32
Q_32.65|A_32
Q_32.66|A_32
Q_32.67|A_32
Q_32.68|A_32
Q_32.69|A_32
Q_32.70|A_32
Q_32.71|A_32
Q_32.72|A_32
Q_32.73|A_32
Q_32.74|A_32
Q_32.75|A_32
Q_32.76|A_32
Q_32.77|A_32
Q_32.78|A_32
Q_32.79|A_32
Q_32.80|A_32
Q_32.81|A_32
Q_32.82|A_32
Q_32.83|A_32
Q_32.84|A_32
Q_32.85|A_32
Q_32.86|A_32
Q_32.87|A_32
Q_32.88|A_32
Q_32.89|A_32
Q_32.90|A_32
Q_32.91|A_32
Q_32.92|A_32
Q_32.93|A_32
Q_32.94|A_32
Q_32.95|A_32
Q_32.96|A_32
Q_32.97|A_32
Q_32.98|A_32
Q_32.99|A_32
Q_33.1|A_33
Q_33.2|A_33
Q_33.3|A_33
Q_33.4|A_33
Q_33.5|A_33
Q_33.6|A_33
Q_33.7|A_33
Q_33.8|A_33
Q_33.9|A_33
Q_33.10|A_33
Q_33.11|A_33
Q_33.12|A_33
Q_33.13|A_33
Q_33.14|A_33
Q_33.15|A_33
Q_33.16|A_33
Q_33.17|A_33
Q_33.18|A_33
Q_33.19|A_33
Q_33.20|A_33
Q_33.21|A_33
Q_33.22|A_33
Q_33.23|A_33
Q_33.24|A_33
Q_33.25|A_33
Q_33.26|A_33
Q_33.27|A_33
Q_33.28|A_33
Q_33.29|A_33
Q_33.30|A_33
Q_33.31|A_33
Q_33.32|A_33
Q_33.33|A_33
Q_33.34|A_33
Q_33.35|A_33
Q_33.36|A_33
Q_33.37|A_33
Q_33.38|A_33
Q_33.39|A_33
Q_33.40|A_33
Q_33.41|A_33
Q_33.42|A_33
Q_33.43|A_33
Q_33.44|A_33
Q_33.45|A_33
Q_33.46|A_33
Q_33.47|A_33
Q_33.48|A_33
Q_33.49|A_33
Q_33.50|A_33
Q_33.51|A_33
Q_33.52|A_33
Q_33.53|A_33
Q_33.54|A_33
Q_33.55|A_33
Q_33.56|A_33
Q_33.57|A_33
Q_33.58|A_33
Q_33.59|A_33
Q_33.60|A_33
Q_33.61|A_33
Q_33.62|A_33
Q_33.63|A_33
Q_33.64|A_33
Q_33.65|A_33
Q_33.66|A_33
Q_33.67|A_33
Q_33.68|A_33
Q_33.69|A_33
Q_33.70|A_33
Q_33.71|A_33
Q_33.72|A_33
Q_33.73|A_33
Q_33.74|A_33
Q_33.75|A_33
Q_33.76|A_33
Q_33.77|A_33
Q_33.78|A_33
Q_33.79|A_33
Q_33.80|A_33
Q_33.81|A_33
Q_33.82|A_33
Q_33.83|A_33
Q_33.84|A_33
Q_33.85|A_33
Q_33.86|A_33
Q_33.87|A_33
Q_33.88|A_33
Q_33.89|A_33
Q_33.90|A_33
Q_33.91|A_33
Q_33.92|A_33
Q_33.93|A_33
Q_33.94|A_33
Q_33.95|A_33
Q_33.96|A_33
Q_33.97|A_33
Q_33.98|A_33
Q_33.99|A_33
Q_34.1|A_34
Q_34.2|A_34
Q_34.3|A_34
Q_34.4|A_34
Q_34.5|A_34
Q_34.6|A_34
Q_34.7|A_34
Q_34.8|A_34
Q_34.9|A_34
Q_34.10|A_34
Q_34.11|A_34
Q_34.12|A_34
Q_34.13|A_34
Q_34.14|A_34
Q_34.15|A_34
Q_34.16|A_34
Q_34.17|A_34
Q_34.18|A_34
Q_34.19|A_34
Q_34.20|A_34
Q_34.21|A_34
Q_34.22|A_34
Q_34.23|A_34
Q_34.24|A_34
Q_34.25|A_34
Q_34.26|A_34
Q_34.27|A_34
Q_34.28|A_34
Q_34.29|A_34
Q_34.30|A_34
Q_34.31|A_34
Q_34.32|A_34
Q_34.33|A_34
Q_34.34|A_34
Q_34.35|A_34
Q_34.36|A_34
Q_34.37|A_34
Q_34.38|A_34
Q_34.39|A_34
Q_34.40|A_34
Q_34.41|A_34
Q_34.42|A_34
Q_34.43|A_34
Q_34.44|A_34
Q_34.45|A_34
Q_34.46|A_34
Q_34.47|A_34
Q_34.48|A_34
Q_34.49|A_34
Q_34.50|A_34
Q_34.51|A_34
Q_34.52|A_34
Q_34.53|A_34
Q_34.54|A_34
Q_34.55|A_34
Q_34.56|A_34
Q_34.57|A_34
Q_34.58|A_34
Q_34.59|A_34
Q_34.60|A_34
Q_34.61|A_34
Q_34.62|A_34
Q_34.63|A_34
Q_34.64|A_34
Q_34.65|A_34
Q_34.66|A_34
Q_34.67|A_34
Q_34.68|A_34
Q_34.69|A_34
Q_34.70|A_34
Q_34.71|A_34
Q_34.72|A_34
Q_34.73|A_34
Q_34.74|A_34
Q_34.75|A_34
Q_34.76|A_34
Q_34.77|A_34
Q_34.78|A_34
Q_34.79|A_34
Q_34.80|A_34
Q_34.81|A_34
Q_34.82|A_34
Q_34.83|A_34
Q_34.84|A_34
Q_34.85|A_34
Q_34.86|A_34
Q_34.87|A_34
Q_34.88|A_34
Q_34.89|A_34
Q_34.90|A_34
Q_34.91|A_34
Q_34.92|A_34
Q_34.93|A_34
Q_34.94|A_34
Q_34.95|A_34
Q_34.96|A_34
Q_34.97|A_34
Q_34.98|A_34
Q_34.99|A_34
Q_35.1|A_35
Q_35.2|A_35
Q_35.3|A_35
Q_35.4|A_35
Q_35.5|A_35
Q_35.6|A_35
Q_35.7|A_35
Q_35.8|A_35
Q_35.9|A_35
Q_35.10|A_35
Q_35.11|A_35
Q_35.12|A_35
Q_35.13|A_35
Q_35.14|A_35
Q_35.15|A_35
Q_35.16|A_35
Q_35.17|A_35
Q_35.18|A_35
Q_35.19|A_35
Q_35.20|A_35
Q_35.21|A_35
Q_35.22|A_35
Q_35.23|A_35
Q_35.24|A_35
Q_35.25|A_35
Q_35.26|A_35
Q_35.27|A_35
Q_35.28|A_35
Q_35.29|A_35
Q_35.30|A_35
Q_35.31|A_35
Q_35.32|A_35
Q_35.33|A_35
Q_35.34|A_35
Q_35.35|A_35
Q_35.36|A_35
Q_35.37|A_35
Q_35.38|A_35
Q_35.39|A_35
Q_35.40|A_35
Q_35.41|A_35
Q_35.42|A_35
Q_35.43|A_35
Q_35.44|A_35
Q_35.45|A_35
Q_35.46|A_35
Q_35.47|A_35
Q_35.48|A_35
Q_35.49|A_35
Q_35.50|A_35
Q_35.51|A_35
Q_35.52|A_35
Q_35.53|A_35
Q_35.54|A_35
Q_35.55|A_35
Q_35.56|A_35
Q_35.57|A_35
Q_35.58|A_35
Q_35.59|A_35
Q_35.60|A_35
Q_35.61|A_35
Q_35.62|A_35
Q_35.63|A_35
Q_35.64|A_35
Q_35.65|A_35
Q_35.66|A_35
Q_35.67|A_35
Q_35.68|A_35
Q_35.69|A_35
Q_35.70|A_35
Q_35.71|A_35
Q_35.72|A_35
Q_35.73|A_35
Q_35.74|A_35
Q_35.75|A_35
Q_35.76|A_35
Q_35.77|A_35
Q_35.78|A_35
Q_35.79|A_35
Q_35.80|A_35
Q_35.81|A_35
Q_35.82|A_35
Q_35.83|A_35
Q_35.84|A_35
Q_35.85|A_35
Q_35.86|A_35
Q_35.87|A_35
Q_35.88|A_35
Q_35.89|A_35
Q_35.90|A_35
Q_35.91|A_35
Q_35.92|A_35
Q_35.93|A_35
Q_35.94|A_35
Q_35.95|A_35
Q_35.96|A_35
Q_35.97|A_35
Q_35.98|A_35
Q_35.99|A_35
Q_36.1|A_36
Q_36.2|A_36
Q_36.3|A_36
Q_36.4|A_36
Q_36.5|A_36
Q_36.6|A_36
Q_36.7|A_36
Q_36.8|A_36
Q_36.9|A_36
Q_36.10|A_36
Q_36.11|A_36
Q_36.12|A_36
Q_36.13|A_36
Q_36.14|A_36
Q_36.15|A_36
Q_36.16|A_36
Q_36.17|A_36
Q_36.18|A_36
Q_36.19|A_36
Q_36.20|A_36
Q_36.21|A_36
Q_36.22|A_36
Q_36.23|A_36
Q_36.24|A_36
Q_36.25|A_36
Q_36.26|A_36
Q_36.27|A_36
Q_36.28|A_36
Q_36.29|A_36
Q_36.30|A_36
Q_36.31|A_36
Q_36.32|A_36
Q_36.33|A_36
Q_36.34|A_36
Q_36.35|A_36
Q_36.36|A_36
Q_36.37|A_36
Q_36.38|A_36
Q_36.39|A_36
Q_36.40|A_36
Q_36.41|A_36
Q_36.42|A_36
Q_36.43|A_36
Q_36.44|A_36
Q_36.45|A_36
Q_36.46|A_36
Q_36.47|A_36
Q_36.48|A_36
Q_36.49|A_36
Q_36.50|A_36
Q_36.51|A_36
Q_36.52|A_36
Q_36.53|A_36
Q_36.54|A_36
Q_36.55|A_36
Q_36.56|A_36
Q_36.57|A_36
Q_36.58|A_36
Q_36.59|A_36
Q_36.60|A_36
Q_36.61|A_36
Q_36.62|A_36
Q_36.63|A_36
Q_36.64|A_36
Q_36.65|A_36
Q_36.66|A_36
Q_36.67|A_36
Q_36.68|A_36
Q_36.69|A_36
Q_36.70|A_36
Q_36.71|A_36
Q_36.72|A_36
Q_36.73|A_36
Q_36.74|A_36
Q_36.75|A_36
Q_36.76|A_36
Q_36.77|A_36
Q_36.78|A_36
Q_36.79|A_36
Q_36.80|A_36
Q_36.81|A_36
Q_36.82|A_36
Q_36.83|A_36
Q_36.84|A_36
Q_36.85|A_36
Q_36.86|A_36
Q_36.87|A_36
Q_36.88|A_36
Q_36.89|A_36
Q_36.90|A_36
Q_36.91|A_36
Q_36.92|A_36
Q_36.93|A_36
Q_36.94|A_36
Q_36.95|A_36
Q_36.96|A_36
Q_36.97|A_36
Q_36.98|A_36
Q_36.99|A_36
Q_37.1|A_37
Q_37.2|A_37
Q_37.3|A_37
Q_37.4|A_37
Q_37.5|A_37
Q_37.6|A_37
Q_37.7|A_37
Q_37.8|A_37
Q_37.9|A_37
Q_37.10|A_37
Q_37.11|A_37
Q_37.12|A_37
Q_37.13|A_37
Q_37.14|A_37
Q_37.15|A_37
Q_37.16|A_37
Q_37.17|A_37
Q_37.18|A_37
Q_37.19|A_37
Q_37.20|A_37
Q_37.21|A_37
Q_37.22|A_37
Q_37.23|A_37
Q_37.24|A_37
Q_37.25|A_37
Q_37.26|A_37
Q_37.27|A_37
Q_37.28|A_37
Q_37.29|A_37
Q_37.30|A_37
Q_37.31|A_37
Q_37.32|A_37
Q_37.33|A_37
Q_37.34|A_37
Q_37.35|A_37
Q_37.36|A_37
Q_37.37|A_37
Q_37.38|A_37
Q_37.39|A_37
Q_37.40|A_37
Q_37.41|A_37
Q_37.42|A_37
Q_37.43|A_37
Q_37.44|A_37
Q_37.45|A_37
Q_37.46|A_37
Q_37.47|A_37
Q_37.48|A_37
Q_37.49|A_37
Q_37.50|A_37
Q_37.51|A_37
Q_37.52|A_37
Q_37.53|A_37
Q_37.54|A_37
Q_37.55|A_37
Q_37.56|A_37
Q_37.57|A_37
Q_37.58|A_37
Q_37.59|A_37
Q_37.60|A_37
Q_37.61|A_37
Q_37.62|A_37
Q_37.63|A_37
Q_37.64|A_37
Q_37.65|A_37
Q_37.66|A_37
Q_37.67|A_37
Q_37.68|A_37
Q_37.69|A_37
Q_37.70|A_37
Q_37.71|A_37
Q_37.72|A_37
Q_37.73|A_37
Q_37.74|A_37
Q_37.75|A_37
Q_37.76|A_37
Q_37.77|A_37
Q_37.78|A_37
Q_37.79|A_37
Q_37.80|A_37
Q_37.81|A_37
Q_37.82|A_37
Q_37.83|A_37
Q_37.84|A_37
Q_37.85|A_37
Q_37.86|A_37
Q_37.87|A_37
Q_37.88|A_37
Q_37.89|A_37
Q_37.90|A_37
Q_37.91|A_37
Q_37.92|A_37
Q_37.93|A_37
Q_37.94|A_37
Q_37.95|A_37
Q_37.96|A_37
Q_37.97|A_37
Q_37.98|A_37
Q_37.99|A_37
Q_38.1|A_38
Q_38.2|A_38
Q_38.3|A_38
Q_38.4|A_38
Q_38.5|A_38
Q_38.6|A_38
Q_38.7|A_38
Q_38.8|A_38
Q_38.9|A_38
Q_38.10|A_38
Q_38.11|A_38
Q_38.12|A_38
Q_38.13|A_38
Q_38.14|A_38
Q_38.15|A_38
Q_38.16|A_38
Q_38.17|A_38
Q_38.18|A_38
Q_38.19|A_38
Q_38.20|A_38
Q_38.21|A_38
Q_38.22|A_38
Q_38.23|A_38
Q_38.24|A_38
Q_38.25|A_38
Q_38.26|A_38
Q_38.27|A_38
Q_38.28|A_38
Q_38.29|A_38
Q_38.30|A_38
Q_38.31|A_38
Q_38.32|A_38
Q_38.33|A_38
Q_38.34|A_38
Q_38.35|A_38
Q_38.36|A_38
Q_38.37|A_38
Q_38.38|A_38
Q_38.39|A_38
Q_38.40|A_38
Q_38.41|A_38
Q_38.42|A_38
Q_38.43|A_38
Q_38.44|A_38
Q_38.45|A_38
Q_38.46|A_38
Q_38.47|A_38
Q_38.48|A_38
Q_38.49|A_38
Q_38.50|A_38
Q_38.51|A_38
Q_38.52|A_38
Q_38.53|A_38
Q_38.54|A_38
Q_38.55|A_38
Q_38.56|A_38
Q_38.57|A_38
Q_38.58|A_38
Q_38.59|A_38
Q_38.60|A_38
Q_38.61|A_38
Q_38.62|A_38
Q_38.63|A_38
Q_38.64|A_38
Q_38.65|A_38
Q_38.66|A_38
Q_38.67|A_38
Q_38.68|A_38
Q_38.69|A_38
Q_38.70|A_38
Q_38.71|A_38
Q_38.72|A_38
Q_38.73|A_38
Q_38.74|A_38
Q_38.75|A_38
Q_38.76|A_38
Q_38.77|A_38
Q_38.78|A_38
Q_38.79|A_38
Q_38.80|A_38
Q_38.81|A_38
Q_38.82|A_38
Q_38.83|A_38
Q_38.84|A_38
Q_38.85|A_38
Q_38.86|A_38
Q_38.87|A_38
Q_38.88|A_38
Q_38.89|A_38
Q_38.90|A_38
Q_38.91|A_38
Q_38.92|A_38
Q_38.93|A_38
Q_38.94|A_38
Q_38.95|A_38
Q_38.96|A_38
Q_38.97|A_38
Q_38.98|A_38
Q_38.99|A_38
Q_39.1|A_39
Q_39.2|A_39
Q_39.3|A_39
Q_39.4|A_39
Q_39.5|A_39
Q_39.6|A_39
Q_39.7|A_39
Q_39.8|A_39
Q_39.9|A_39
Q_39.10|A_39
Q_39.11|A_39
Q_39.12|A_39
Q_39.13|A_39
Q_39.14|A_39
Q_39.15|A_39
Q_39.16|A_39
Q_39.17|A_39
Q_39.18|A_39
Q_39.19|A_39
Q_39.20|A_39
Q_39.21|A_39
Q_39.22|A_39
Q_39.23|A_39
Q_39.24|A_39
Q_39.25|A_39
Q_39.26|A_39
Q_39.27|A_39
Q_39.28|A_39
Q_39.29|A_39
Q_39.30|A_39
Q_39.31|A_39
Q_39.32|A_39
Q_39.33|A_39
Q_39.34|A_39
Q_39.35|A_39
Q_39.36|A_39
Q_39.37|A_39
Q_39.38|A_39
Q_39.39|A_39
Q_39.40|A_39
Q_39.41|A_39
Q_39.42|A_39
Q_39.43|A_39
Q_39.44|A_39
Q_39.45|A_39
Q_39.46|A_39
Q_39.47|A_39
Q_39.48|A_39
Q_39.49|A_39
Q_39.50|A_39
Q_39.51|A_39
Q_39.52|A_39
Q_39.53|A_39
Q_39.54|A_39
Q_39.55|A_39
Q_39.56|A_39
Q_39.57|A_39
Q_39.58|A_39
Q_39.59|A_39
Q_39.60|A_39
Q_39.61|A_39
Q_39.62|A_39
Q_39.63|A_39
Q_39.64|A_39
Q_39.65|A_39
Q_39.66|A_39
Q_39.67|A_39
Q_39.68|A_39
Q_39.69|A_39
Q_39.70|A_39
Q_39.71|A_39
Q_39.72|A_39
Q_39.73|A_39
Q_39.74|A_39
Q_39.75|A_39
Q_39.76|A_39
Q_39.77|A_39
Q_39.78|A_39
Q_39.79|A_39
Q_39.80|A_39
Q_39.81|A_39
Q_39.82|A_39
Q_39.83|A_39
Q_39.84|A_39
Q_39.85|A_39
Q_39.86|A_39
Q_39.87|A_39
Q_39.88|A_39
Q_39.89|A_39
Q_39.90|A_39
Q_39.91|A_39
Q_39.92|A_39
Q_39.93|A_39
Q_39.94|A_39
Q_39.95|A_39
Q_39.96|A_39
Q_39.97|A_39
Q_39.98|A_39
Q_39.99|A_39
Q_40.1|A_40
Q_40.2|A_40
Q_40.3|A_40
Q_40.4|A_40
Q_40.5|A_40
Q_40.6|A_40
Q_40.7|A_40
Q_40.8|A_40
Q_40.9|A_40
Q_40.10|A_40
Q_40.11|A_40
Q_40.12|A_40
Q_40.13|A_40
Q_40.14|A_40
Q_40.15|A_40
Q_40.16|A_40
Q_40.17|A_40
Q_40.18|A_40
Q_40.19|A_40
Q_40.20|A_40
Q_40.21|A_40
Q_40.22|A_40
Q_40.23|A_40
Q_40.24|A_40
Q_40.25|A_40
Q_40.26|A_40
Q_40.27|A_40
Q_40.28|A_40
Q_40.29|A_40
Q_40.30|A_40
Q_40.31|A_40
Q_40.32|A_40
Q_40.33|A_40
Q_40.34|A_40
Q_40.35|A_40
Q_40.36|A_40
Q_40.37|A_40
Q_40.38|A_40
Q_40.39|A_40
Q_40.40|A_40
Q_40.41|A_40
Q_40.42|A_40
Q_40.43|A_40
Q_40.44|A_40
Q_40.45|A_40
Q_40.46|A_40
Q_40.47|A_40
Q_40.48|A_40
Q_40.49|A_40
Q_40.50|A_40
Q_40.51|A_40
Q_40.52|A_40
Q_40.53|A_40
Q_40.54|A_40
Q_40.55|A_40
Q_40.56|A_40
Q_40.57|A_40
Q_40.58|A_40
Q_40.59|A_40
Q_40.60|A_40
Q_40.61|A_40
Q_40.62|A_40
Q_40.63|A_40
Q_40.64|A_40
Q_40.65|A_40
Q_40.66|A_40
Q_40.67|A_40
Q_40.68|A_40
Q_40.69|A_40
Q_40.70|A_40
Q_40.71|A_40
Q_40.72|A_40
Q_40.73|A_40
Q_40.74|A_40
Q_40.75|A_40
Q_40.76|A_40
Q_40.77|A_40
Q_40.78|A_40
Q_40.79|A_40
Q_40.80|A_40
Q_40.81|A_40
Q_40.82|A_40
Q_40.83|A_40
Q_40.84|A_40
Q_40.85|A_40
Q_40.86|A_40
Q_40.87|A_40
Q_40.88|A_40
Q_40.89|A_40
Q_40.90|A_40
Q_40.91|A_40
Q_40.92|A_40
Q_40.93|A_40
Q_40.94|A_40
Q_40.95|A_40
Q_40.96|A_40
Q_40.97|A_40
Q_40.98|A_40
Q_40.99|A_40
Q_41.1|A_41
Q_41.2|A_41
Q_41.3|A_41
Q_41.4|A_41
Q_41.5|A_41
Q_41.6|A_41
Q_41.7|A_41
Q_41.8|A_41
Q_41.9|A_41
Q_41.10|A_41
Q_41.11|A_41
Q_41.12|A_41
Q_41.13|A_41
Q_41.14|A_41
Q_41.15|A_41
Q_41.16|A_41
Q_41.17|A_41
Q_41.18|A_41
Q_41.19|A_41
Q_41.20|A_41
Q_41.21|A_41
Q_41.22|A_41
Q_41.23|A_41
Q_41.24|A_41
Q_41.25|A_41
Q_41.26|A_41
Q_41.27|A_41
Q_41.28|A_41
Q_41.29|A_41
Q_41.30|A_41
Q_41.31|A_41
Q_41.32|A_41
Q_41.33|A_41
Q_41.34|A_41
Q_41.35|A_41
Q_41.36|A_41
Q_41.37|A_41
Q_41.38|A_41
Q_41.39|A_41
Q_41.40|A_41
Q_41.41|A_41
Q_41.42|A_41
Q_41.43|A_41
Q_41.44|A_41
Q_41.45|A_41
Q_41.46|A_41
Q_41.47|A_41
Q_41.48|A_41
Q_41.49|A_41
Q_41.50|A_41
Q_41.51|A_41
Q_41.52|A_41
Q_41.53|A_41
Q_41.54|A_41
Q_41.55|A_41
Q_41.56|A_41
Q_41.57|A_41
Q_41.58|A_41
Q_41.59|A_41
Q_41.60|A_41
Q_41.61|A_41
Q_41.62|A_41
Q_41.63|A_41
Q_41.64|A_41
Q_41.65|A_41
Q_41.66|A_41
Q_41.67|A_41
Q_41.68|A_41
Q_41.69|A_41
Q_41.70|A_41
Q_41.71|A_41
Q_41.72|A_41
Q_41.73|A_41
Q_41.74|A_41
Q_41.75|A_41
Q_41.76|A_41
Q_41.77|A_41
Q_41.78|A_41
Q_41.79|A_41
Q_41.80|A_41
Q_41.81|A_41
Q_41.82|A_41
Q_41.83|A_41
Q_41.84|A_41
Q_41.85|A_41
Q_41.86|A_41
Q_41.87|A_41
Q_41.88|A_41
Q_41.89|A_41
Q_41.90|A_41
Q_41.91|A_41
Q_41.92|A_41
Q_41.93|A_41
Q_41.94|A_41
Q_41.95|A_41
Q_41.96|A_41
Q_41.97|A_41
Q_41.98|A_41
Q_41.99|A_41
Q_42.1|A_42
Q_42.2|A_42
Q_42.3|A_42
Q_42.4|A_42
Q_42.5|A_42
Q_42.6|A_42
Q_42.7|A_42
Q_42.8|A_42
Q_42.9|A_42
Q_42.10|A_42
Q_42.11|A_42
Q_42.12|A_42
Q_42.13|A_42
Q_42.14|A_42
Q_42.15|A_42
Q_42.16|A_42
Q_42.17|A_42
Q_42.18|A_42
Q_42.19|A_42
Q_42.20|A_42
Q_42.21|A_42
Q_42.22|A_42
Q_42.23|A_42
Q_42.24|A_42
Q_42.25|A_42
Q_42.26|A_42
Q_42.27|A_42
Q_42.28|A_42
Q_42.29|A_42
Q_42.30|A_42
Q_42.31|A_42
Q_42.32|A_42
Q_42.33|A_42
Q_42.34|A_42
Q_42.35|A_42
Q_42.36|A_42
Q_42.37|A_42
Q_42.38|A_42
Q_42.39|A_42
Q_42.40|A_42
Q_42.41|A_42
Q_42.42|A_42
Q_42.43|A_42
Q_42.44|A_42
Q_42.45|A_42
Q_42.46|A_42
Q_42.47|A_42
Q_42.48|A_42
Q_42.49|A_42
Q_42.50|A_42
Q_42.51|A_42
Q_42.52|A_42
Q_42.53|A_42
Q_42.54|A_42
Q_42.55|A_42
Q_42.56|A_42
Q_42.57|A_42
Q_42.58|A_42
Q_42.59|A_42
Q_42.60|A_42
Q_42.61|A_42
Q_42.62|A_42
Q_42.63|A_42
Q_42.64|A_42
Q_42.65|A_42
Q_42.66|A_42
Q_42.67|A_42
Q_42.68|A_42
Q_42.69|A_42
Q_42.70|A_42
Q_42.71|A_42
Q_42.72|A_42
Q_42.73|A_42
Q_42.74|A_42
Q_42.75|A_42
Q_42.76|A_42
Q_42.77|A_42
Q_42.78|A_42
Q_42.79|A_42
Q_42.80|A_42
Q_42.81|A_42
Q_42.82|A_42
Q_42.83|A_42
Q_42.84|A_42
Q_42.85|A_42
Q_42.86|A_42
Q_42.87|A_42
Q_42.88|A_42
Q_42.89|A_42
Q_42.90|A_42
Q_42.91|A_42
Q_42.92|A_42
Q_42.93|A_42
Q_42.94|A_42
Q_42.95|A_42
Q_42.96|A_42
Q_42.97|A_42
Q_42.98|A_42
Q_42.99|A_42
Q_43.1|A_43
Q_43.2|A_43
Q_43.3|A_43
Q_43.4|A_43
Q_43.5|A_43
Q_43.6|A_43
Q_43.7|A_43
Q_43.8|A_43
Q_43.9|A_43
Q_43.10|A_43
Q_43.11|A_43
Q_43.12|A_43
Q_43.13|A_43
Q_43.14|A_43
Q_43.15|A_43
Q_43.16|A_43
Q_43.17|A_43
Q_43.18|A_43
Q_43.19|A_43
Q_43.20|A_43
Q_43.21|A_43
Q_43.22|A_43
Q_43.23|A_43
Q_43.24|A_43
Q_43.25|A_43
Q_43.26|A_43
Q_43.27|A_43
Q_43.28|A_43
Q_43.29|A_43
Q_43.30|A_43
Q_43.31|A_43
Q_43.32|A_43
Q_43.33|A_43
Q_43.34|A_43
Q_43.35|A_43
Q_43.36|A_43
Q_43.37|A_43
Q_43.38|A_43
Q_43.39|A_43
Q_43.40|A_43
Q_43.41|A_43
Q_43.42|A_43
Q_43.43|A_43
Q_43.44|A_43
Q_43.45|A_43
Q_43.46|A_43
Q_43.47|A_43
Q_43.48|A_43
Q_43.49|A_43
Q_43.50|A_43
Q_43.51|A_43
Q_43.52|A_43
Q_43.53|A_43
Q_43.54|A_43
Q_43.55|A_43
Q_43.56|A_43
Q_43.57|A_43
Q_43.58|A_43
Q_43.59|A_43
Q_43.60|A_43
Q_43.61|A_43
Q_43.62|A_43
Q_43.63|A_43
Q_43.64|A_43
Q_43.65|A_43
Q_43.66|A_43
Q_43.67|A_43
Q_43.68|A_43
Q_43.69|A_43
Q_43.70|A_43
Q_43.71|A_43
Q_43.72|A_43
Q_43.73|A_43
Q_43.74|A_43
Q_43.75|A_43
Q_43.76|A_43
Q_43.77|A_43
Q_43.78|A_43
Q_43.79|A_43
Q_43.80|A_43
Q_43.81|A_43
Q_43.82|A_43
Q_43.83|A_43
Q_43.84|A_43
Q_43.85|A_43
Q_43.86|A_43
Q_43.87|A_43
Q_43.88|A_43
Q_43.89|A_43
Q_43.90|A_43
Q_43.91|A_43
Q_43.92|A_43
Q_43.93|A_43
Q_43.94|A_43
Q_43.95|A_43
Q_43.96|A_43
Q_43.97|A_43
Q_43.98|A_43
Q_43.99|A_43
Q_44.1|A_44
Q_44.2|A_44
Q_44.3|A_44
Q_44.4|A_44
Q_44.5|A_44
Q_44.6|A_44
Q_44.7|A_44
Q_44.8|A_44
Q_44.9|A_44
Q_44.10|A_44
Q_44.11|A_44
Q_44.12|A_44
Q_44.13|A_44
Q_44.14|A_44
Q_44.15|A_44
Q_44.16|A_44
Q_44.17|A_44
Q_44.18|A_44
Q_44.19|A_44
Q_44.20|A_44
Q_44.21|A_44
Q_44.22|A_44
Q_44.23|A_44
Q_44.24|A_44
Q_44.25|A_44
Q_44.26|A_44
Q_44.27|A_44
Q_44.28|A_44
Q_44.29|A_44
Q_44.30|A_44
Q_44.31|A_44
Q_44.32|A_44
Q_44.33|A_44
Q_44.34|A_44
Q_44.35|A_44
Q_44.36|A_44
Q_44.37|A_44
Q_44.38|A_44
Q_44.39|A_44
Q_44.40|A_44
Q_44.41|A_44
Q_44.42|A_44
Q_44.43|A_44
Q_44.44|A_44
Q_44.45|A_44
Q_44.46|A_44
Q_44.47|A_44
Q_44.48|A_44
Q_44.49|A_44
Q_44.50|A_44
Q_44.51|A_44
Q_44.52|A_44
Q_44.53|A_44
Q_44.54|A_44
Q_44.55|A_44
Q_44.56|A_44
Q_44.57|A_44
Q_44.58|A_44
Q_44.59|A_44
Q_44.60|A_44
Q_44.61|A_44
Q_44.62|A_44
Q_44.63|A_44
Q_44.64|A_44
Q_44.65|A_44
Q_44.66|A_44
Q_44.67|A_44
Q_44.68|A_44
Q_44.69|A_44
Q_44.70|A_44
Q_44.71|A_44
Q_44.72|A_44
Q_44.73|A_44
Q_44.74|A_44
Q_44.75|A_44
Q_44.76|A_44
Q_44.77|A_44
Q_44.78|A_44
Q_44.79|A_44
Q_44.80|A_44
Q_44.81|A_44
Q_44.82|A_44
Q_44.83|A_44
Q_44.84|A_44
Q_44.85|A_44
Q_44.86|A_44
Q_44.87|A_44
Q_44.88|A_44
Q_44.89|A_44
Q_44.90|A_44
Q_44.91|A_44
Q_44.92|A_44
Q_44.93|A_44
Q_44.94|A_44
Q_44.95|A_44
Q_44.96|A_44
Q_44.97|A_44
Q_44.98|A_44
Q_44.99|A_44
Q_45.1|A_45
Q_45.2|A_45
Q_45.3|A_45
Q_45.4|A_45
Q_45.5|A_45
Q_45.6|A_45
Q_45.7|A_45
Q_45.8|A_45
Q_45.9|A_45
Q_45.10|A_45
Q_45.11|A_45
Q_45.12|A_45
Q_45.13|A_45
Q_45.14|A_45
Q_45.15|A_45
Q_45.16|A_45
Q_45.17|A_45
Q_45.18|A_45
Q_45.19|A_45
Q_45.20|A_45
Q_45.21|A_45
Q_45.22|A_45
Q_45.23|A_45
Q_45.24|A_45
Q_45.25|A_45
Q_45.26|A_45
Q_45.27|A_45
Q_45.28|A_45
Q_45.29|A_45
Q_45.30|A_45
Q_45.31|A_45
Q_45.32|A_45
Q_45.33|A_45
Q_45.34|A_45
Q_45.35|A_45
Q_45.36|A_45
Q_45.37|A_45
Q_45.38|A_45
Q_45.39|A_45
Q_45.40|A_45
Q_45.41|A_45
Q_45.42|A_45
Q_45.43|A_45
Q_45.44|A_45
Q_45.45|A_45
Q_45.46|A_45
Q_45.47|A_45
Q_45.48|A_45
Q_45.49|A_45
Q_45.50|A_45
Q_45.51|A_45
Q_45.52|A_45
Q_45.53|A_45
Q_45.54|A_45
Q_45.55|A_45
Q_45.56|A_45
Q_45.57|A_45
Q_45.58|A_45
Q_45.59|A_45
Q_45.60|A_45
Q_45.61|A_45
Q_45.62|A_45
Q_45.63|A_45
Q_45.64|A_45
Q_45.65|A_45
Q_45.66|A_45
Q_45.67|A_45
Q_45.68|A_45
Q_45.69|A_45
Q_45.70|A_45
Q_45.71|A_45
Q_45.72|A_45
Q_45.73|A_45
Q_45.74|A_45
Q_45.75|A_45
Q_45.76|A_45
Q_45.77|A_45
Q_45.78|A_45
Q_45.79|A_45
Q_45.80|A_45
Q_45.81|A_45
Q_45.82|A_45
Q_45.83|A_45
Q_45.84|A_45
Q_45.85|A_45
Q_45.86|A_45
Q_45.87|A_45
Q_45.88|A_45
Q_45.89|A_45
Q_45.90|A_45
Q_45.91|A_45
Q_45.92|A_45
Q_45.93|A_45
Q_45.94|A_45
Q_45.95|A_45
Q_45.96|A_45
Q_45.97|A_45
Q_45.98|A_45
Q_45.99|A_45
Q_46.1|A_46
Q_46.2|A_46
Q_46.3|A_46
Q_46.4|A_46
Q_46.5|A_46
Q_46.6|A_46
Q_46.7|A_46
Q_46.8|A_46
Q_46.9|A_46
Q_46.10|A_46
Q_46.11|A_46
Q_46.12|A_46
Q_46.13|A_46
Q_46.14|A_46
Q_46.15|A_46
Q_46.16|A_46
Q_46.17|A_46
Q_46.18|A_46
Q_46.19|A_46
Q_46.20|A_46
Q_46.21|A_46
Q_46.22|A_46
Q_46.23|A_46
Q_46.24|A_46
Q_46.25|A_46
Q_46.26|A_46
Q_46.27|A_46
Q_46.28|A_46
Q_46.29|A_46
Q_46.30|A_46
Q_46.31|A_46
Q_46.32|A_46
Q_46.33|A_46
Q_46.34|A_46
Q_46.35|A_46
Q_46.36|A_46
Q_46.37|A_46
Q_46.38|A_46
Q_46.39|A_46
Q_46.40|A_46
Q_46.41|A_46
Q_46.42|A_46
Q_46.43|A_46
Q_46.44|A_46
Q_46.45|A_46
Q_46.46|A_46
Q_46.47|A_46
Q_46.48|A_46
Q_46.49|A_46
Q_46.50|A_46
Q_46.51|A_46
Q_46.52|A_46
Q_46.53|A_46
Q_46.54|A_46
Q_46.55|A_46
Q_46.56|A_46
Q_46.57|A_46
Q_46.58|A_46
Q_46.59|A_46
Q_46.60|A_46
Q_46.61|A_46
Q_46.62|A_46
Q_46.63|A_46
Q_46.64|A_46
Q_46.65|A_46
Q_46.66|A_46
Q_46.67|A_46
Q_46.68|A_46
Q_46.69|A_46
Q_46.70|A_46
Q_46.71|A_46
Q_46.72|A_46
Q_46.73|A_46
Q_46.74|A_46
Q_46.75|A_46
Q_46.76|A_46
Q_46.77|A_46
Q_46.78|A_46
Q_46.79|A_46
Q_46.80|A_46
Q_46.81|A_46
Q_46.82|A_46
Q_46.83|A_46
Q_46.84|A_46
Q_46.85|A_46
Q_46.86|A_46
Q_46.87|A_46
Q_46.88|A_46
Q_46.89|A_46
Q_46.90|A_46
Q_46.91|A_46
Q_46.92|A_46
Q_46.93|A_46
Q_46.94|A_46
Q_46.95|A_46
Q_46.96|A_46
Q_46.97|A_46
Q_46.98|A_46
Q_46.99|A_46
Q_47.1|A_47
Q_47.2|A_47
Q_47.3|A_47
Q_47.4|A_47
Q_47.5|A_47
Q_47.6|A_47
Q_47.7|A_47
Q_47.8|A_47
Q_47.9|A_47
Q_47.10|A_47
Q_47.11|A_47
Q_47.12|A_47
Q_47.13|A_47
Q_47.14|A_47
Q_47.15|A_47
Q_47.16|A_47
Q_47.17|A_47
Q_47.18|A_47
Q_47.19|A_47
Q_47.20|A_47
Q_47.21|A_47
Q_47.22|A_47
Q_47.23|A_47
Q_47.24|A_47
Q_47.25|A_47
Q_47.26|A_47
Q_47.27|A_47
Q_47.28|A_47
Q_47.29|A_47
Q_47.30|A_47
Q_47.31|A_47
Q_47.32|A_47
Q_47.33|A_47
Q_47.34|A_47
Q_47.35|A_47
Q_47.36|A_47
Q_47.37|A_47
Q_47.38|A_47
Q_47.39|A_47
Q_47.40|A_47
Q_47.41|A_47
Q_47.42|A_47
Q_47.43|A_47
Q_47.44|A_47
Q_47.45|A_47
Q_47.46|A_47
Q_47.47|A_47
Q_47.48|A_47
Q_47.49|A_47
Q_47.50|A_47
Q_47.51|A_47
Q_47.52|A_47
Q_47.53|A_47
Q_47.54|A_47
Q_47.55|A_47
Q_47.56|A_47
Q_47.57|A_47
Q_47.58|A_47
Q_47.59|A_47
Q_47.60|A_47
Q_47.61|A_47
Q_47.62|A_47
Q_47.63|A_47
Q_47.64|A_47
Q_47.65|A_47
Q_47.66|A_47
Q_47.67|A_47
Q_47.68|A_47
Q_47.69|A_47
Q_47.70|A_47
Q_47.71|A_47
Q_47.72|A_47
Q_47.73|A_47
Q_47.74|A_47
Q_47.75|A_47
Q_47.76|A_47
Q_47.77|A_47
Q_47.78|A_47
Q_47.79|A_47
Q_47.80|A_47
Q_47.81|A_47
Q_47.82|A_47
Q_47.83|A_47
Q_47.84|A_47
Q_47.85|A_47
Q_47.86|A_47
Q_47.87|A_47
Q_47.88|A_47
Q_47.89|A_47
Q_47.90|A_47
Q_47.91|A_47
Q_47.92|A_47
Q_47.93|A_47
Q_47.94|A_47
Q_47.95|A_47
Q_47.96|A_47
Q_47.97|A_47
Q_47.98|A_47
Q_47.99|A_47
Q_48.1|A_48
Q_48.2|A_48
Q_48.3|A_48
Q_48.4|A_48
Q_48.5|A_48
Q_48.6|A_48
Q_48.7|A_48
Q_48.8|A_48
Q_48.9|A_48
Q_48.10|A_48
Q_48.11|A_48
Q_48.12|A_48
Q_48.13|A_48
Q_48.14|A_48
Q_48.15|A_48
Q_48.16|A_48
Q_48.17|A_48
Q_48.18|A_48
Q_48.19|A_48
Q_48.20|A_48
Q_48.21|A_48
Q_48.22|A_48
Q_48.23|A_48
Q_48.24|A_48
Q_48.25|A_48
Q_48.26|A_48
Q_48.27|A_48
Q_48.28|A_48
Q_48.29|A_48
Q_48.30|A_48
Q_48.31|A_48
Q_48.32|A_48
Q_48.33|A_48
Q_48.34|A_48
Q_48.35|A_48
Q_48.36|A_48
Q_48.37|A_48
Q_48.38|A_48
Q_48.39|A_48
Q_48.40|A_48
Q_48.41|A_48
Q_48.42|A_48
Q_48.43|A_48
Q_48.44|A_48
Q_48.45|A_48
Q_48.46|A_48
Q_48.47|A_48
Q_48.48|A_48
Q_48.49|A_48
Q_48.50|A_48
Q_48.51|A_48
Q_48.52|A_48
Q_48.53|A_48
Q_48.54|A_48
Q_48.55|A_48
Q_48.56|A_48
Q_48.57|A_48
Q_48.58|A_48
Q_48.59|A_48
Q_48.60|A_48
Q_48.61|A_48
Q_48.62|A_48
Q_48.63|A_48
Q_48.64|A_48
Q_48.65|A_48
Q_48.66|A_48
Q_48.67|A_48
Q_48.68|A_48
Q_48.69|A_48
Q_48.70|A_48
Q_48.71|A_48
Q_48.72|A_48
Q_48.73|A_48
Q_48.74|A_48
Q_48.75|A_48
Q_48.76|A_48
Q_48.77|A_48
Q_48.78|A_48
Q_48.79|A_48
Q_48.80|A_48
Q_48.81|A_48
Q_48.82|A_48
Q_48.83|A_48
Q_48.84|A_48
Q_48.85|A_48
Q_48.86|A_48
Q_48.87|A_48
Q_48.88|A_48
Q_48.89|A_48
Q_48.90|A_48
Q_48.91|A_48
Q_48.92|A_48
Q_48.93|A_48
Q_48.94|A_48
Q_48.95|A_48
Q_48.96|A_48
Q_48.97|A_48
Q_48.98|A_48
Q_48.99|A_48
Q_49.1|A_49
Q_49.2|A_49
Q_49.3|A_49
Q_49.4|A_49
Q_49.5|A_49
Q_49.6|A_49
Q_49.7|A_49
Q_49.8|A_49
Q_49.9|A_49
Q_49.10|A_49
Q_49.11|A_49
Q_49.12|A_49
Q_49.13|A_49
Q_49.14|A_49
Q_49.15|A_49
Q_49.16|A_49
Q_49.17|A_49
Q_49.18|A_49
Q_49.19|A_49
Q_49.20|A_49
Q_49.21|A_49
Q_49.22|A_49
Q_49.23|A_49
Q_49.24|A_49
Q_49.25|A_49
Q_49.26|A_49
Q_49.27|A_49
Q_49.28|A_49
Q_49.29|A_49
Q_49.30|A_49
Q_49.31|A_49
Q_49.32|A_49
Q_49.33|A_49
Q_49.34|A_49
Q_49.35|A_49
Q_49.36|A_49
Q_49.37|A_49
Q_49.38|A_49
Q_49.39|A_49
Q_49.40|A_49
Q_49.41|A_49
Q_49.42|A_49
Q_49.43|A_49
Q_49.44|A_49
Q_49.45|A_49
Q_49.46|A_49
Q_49.47|A_49
Q_49.48|A_49
Q_49.49|A_49
Q_49.50|A_49
Q_49.51|A_49
Q_49.52|A_49
Q_49.53|A_49
Q_49.54|A_49
Q_49.55|A_49
Q_49.56|A_49
Q_49.57|A_49
Q_49.58|A_49
Q_49.59|A_49
Q_49.60|A_49
Q_49.61|A_49
Q_49.62|A_49
Q_49.63|A_49
Q_49.64|A_49
Q_49.65|A_49
Q_49.66|A_49
Q_49.67|A_49
Q_49.68|A_49
Q_49.69|A_49
Q_49.70|A_49
Q_49.71|A_49
Q_49.72|A_49
Q_49.73|A_49
Q_49.74|A_49
Q_49.75|A_49
Q_49.76|A_49
Q_49.77|A_49
Q_49.78|A_49
Q_49.79|A_49
Q_49.80|A_49
Q_49.81|A_49
Q_49.82|A_49
Q_49.83|A_49
Q_49.84|A_49
Q_49.85|A_49
Q_49.86|A_49
Q_49.87|A_49
Q_49.88|A_49
Q_49.89|A_49
Q_49.90|A_49
Q_49.91|A_49
Q_49.92|A_49
Q_49.93|A_49
Q_49.94|A_49
Q_49.95|A_49
Q_49.96|A_49
Q_49.97|A_49
Q_49.98|A_49
Q_49.99|A_49
