ID|LABEL|FIRSTNAME|LASTNAME|DOB|EMAIL|SSN|LICENSE_NUMBER
P_0|provider|Michael|Faulkner|1935-10-08|michaelcarson@johnson-gonzalez.com|699-02-0561|RHG-5538
P_1|provider|Katherine|Howell|1992-08-25|sjames@rose.com|797-38-5156|756-MGG
P_2|provider|Michael|Peterson|1937-10-21|kim77@austin.com|602-93-1866|P19 6ZO
P_3|provider|Ashley|Jennings|1989-10-08|alicia67@dawson.com|312-78-2470|226 TV7
P_4|provider|Shannon|Clark|1993-08-25|kjackson@salas.info|212-99-4132|3GI 952
P_5|provider|Walter|Cunningham|1991-03-18|terriwatson@santos.com|791-78-7867|1AO 303
P_6|provider|Rebecca|Murphy|1980-12-24|troyparsons@serrano-dean.com|273-34-4172|ERQ 034
P_7|provider|Joseph|Dixon|1988-02-18|alan65@campbell.com|436-52-9275|507 HSG
P_8|provider|Melanie|Johnson|1978-05-12|kenneth31@duncan-gutierrez.com|680-86-5910|295-OXU
P_9|provider|Willie|Allen|1944-12-22|rebecca13@kim-ramirez.com|524-07-4741|LWQ 210
P_10|provider|Eric|Cole|2000-11-06|mcrawford@garcia.com|046-89-7896|CEB 228
P_11|provider|Sara|Casey|1940-02-05|andrea70@jackson.info|215-14-4425|MFL 169
P_12|provider|Barbara|Stevens|1954-10-31|erin95@wright-brooks.net|549-82-9177|99-80885
P_13|provider|Jorge|Reynolds|1978-07-06|hernandezdustin@todd-holland.net|179-60-8220|97-R334
P_14|provider|Barbara|Atkins|1945-05-24|omitchell@jackson-klein.biz|219-59-5235|769 NYF
P_15|provider|Charles|Wells|1935-05-05|harveykaren@hodges.com|491-90-9955|BQD-3762
P_16|provider|Brandon|Burke|2000-05-16|laurie21@anthony-douglas.com|176-59-5655|BVR 503
P_17|provider|Shannon|Adkins|1988-04-25|xtaylor@watts.com|245-26-6312|84-52181
P_18|provider|Corey|Lee|1971-11-14|eevans@hines.com|220-36-8735|1-07539
P_19|provider|Daryl|Clark|1941-09-01|smithanthony@brown-williams.com|551-13-2736|474 GBH
P_20|provider|Bradley|Davidson|1968-08-17|gboone@gibson.com|832-58-9597|MDM1569
P_21|provider|Austin|Wilson|1997-07-14|tlee@rosario.net|658-38-6055|66-32806
P_22|provider|Mitchell|Gordon|1982-11-23|robertbennett@simmons.com|605-27-1906|482 WSS
P_23|provider|John|Carter|1965-08-20|mary39@johnson.org|443-58-4004|9WCI220
P_24|provider|Javier|Moore|1980-01-23|jeffersonlauren@sharp-york.com|488-08-3198|929 RQM
P_25|provider|Rebecca|Harmon|1999-05-16|denisebishop@simmons.org|653-83-9715|00-7284E
P_26|provider|Charles|Perez|1941-04-08|tbrandt@lynch.biz|538-73-2068|4NA8847
P_27|provider|Christine|Rodriguez|1989-10-20|bkrueger@fisher-holland.com|529-68-1914|15I 3807
P_28|provider|Marissa|Edwards|1956-02-23|george30@collier.com|806-37-3026|0-03871
P_29|provider|Edward|Rocha|1944-05-03|alexandra80@smith-fleming.com|463-07-8474|21RW463
P_30|provider|Steven|Norman|1988-11-10|qwilliams@carpenter.info|165-75-6772|LT9 8758
P_31|provider|Lauren|Thomas|1960-03-21|steven30@king-barrett.com|343-46-2541|BW 70087
P_32|provider|Joseph|Perry|1997-08-17|aalvarado@francis.org|533-08-4505|754-YEN
P_33|provider|Jason|Todd|1961-03-02|perezcharles@wilson-calhoun.biz|706-32-0784|GVU 478
P_34|provider|Timothy|Bowen|1948-01-26|rlivingston@rodriguez.com|042-25-0300|53VB6
P_35|provider|Timothy|Brown|1991-03-06|jamesfarley@taylor.net|718-74-8445|LME 441
P_36|provider|Lori|Petersen|1987-02-08|samantha43@wilson-campbell.com|386-22-6016|382 UZT
P_37|provider|Leslie|White|1994-06-26|jthompson@hart-campbell.com|175-41-4058|402 TEJ
P_38|provider|William|Norman|1988-11-23|christopherrodriguez@castaneda.com|891-72-4246|EIE 753
P_39|provider|Lawrence|Gonzalez|1990-10-24|ubaker@richardson.com|881-75-4261|PR 9579
P_40|provider|Nicole|Mckee|1997-01-18|harrywalls@jones.com|654-40-9032|RQK 087
P_41|provider|Paul|Todd|1966-01-25|josevargas@gomez.com|112-55-1994|98-E183
P_42|provider|Erica|Abbott|1980-05-15|garrettjoseph@smith.org|243-11-6248|146W7
P_43|provider|Jason|Johnson|1960-12-18|dunnmadison@ball-soto.com|466-06-6959|VU-6194
P_44|provider|Benjamin|Boyd|1979-08-03|bshaw@jensen-cowan.biz|637-56-5862|04-QJ07
P_45|provider|Melinda|Fisher|1996-07-25|beth50@russo-jacobs.com|459-91-6633|1T 07809
P_46|provider|Bailey|Bennett|1968-06-27|alexis06@davis.net|755-24-2559|KKU 123
P_47|provider|Tracy|Hayes|1968-05-31|crawfordeddie@king.com|234-83-6210|389 ATS
P_48|provider|Kimberly|Allen|1984-02-16|mitchellstephanie@scott.com|280-59-0368|3O UF075
P_49|provider|Sandra|Jones|1978-06-16|amy07@barrera.net|296-29-1977|BVN 866
P_50|provider|John|Moore|1991-02-27|donnaguzman@hernandez.info|596-66-6470|789 FVR
P_51|provider|Keith|Mcdonald|1959-03-12|zhampton@patterson-patrick.com|796-11-8004|OA-2419
P_52|provider|Michelle|Smith|1984-12-13|nashsteven@thompson-morse.net|690-88-9936|AGL-3227
P_53|provider|Sean|Webb|1977-11-24|geoffreycox@leblanc-goodwin.com|684-17-0973|831NZ
P_54|provider|Pam|Murray|1975-03-02|garciaamanda@ramos-hudson.com|753-40-0680|QZM2328
P_55|provider|Michael|Wilson|1959-08-29|aaron18@marks.com|549-26-1256|143IHB
P_56|provider|Rebecca|Lee|1972-07-11|gevans@strickland.com|638-08-7057|7XE 338
P_57|provider|Tami|Russell|1995-03-26|meghan88@calhoun-velez.com|684-34-6409|6453 LU
P_58|provider|Samuel|Smith|1984-06-25|roneal@rodriguez-deleon.net|211-35-7729|H06-81D
P_59|provider|Jay|Patterson|1983-04-08|terryharper@ramirez.org|762-77-3647|2MAR057
P_60|provider|Tonya|Dominguez|1934-08-16|mary63@williams-ware.com|796-40-2859|1-86825V
P_61|provider|Jared|Rodriguez|1986-02-28|colton68@munoz-chandler.com|682-86-6055|6RR N19
P_62|provider|Madison|Taylor|1937-07-27|mlarson@vance.org|148-21-3958|CAF 058
P_63|provider|Natasha|Williams|1965-10-06|fhamilton@ayala.com|878-76-6178|463 YJF
P_64|provider|Alicia|Perez|1950-11-04|iodonnell@lewis.com|065-01-7978|MER 919
P_65|provider|Jacob|Pugh|1970-06-07|antoniokoch@garcia.org|817-97-8444|EA 3657
P_66|provider|Katrina|Mclaughlin|1952-02-26|theresa90@howard.org|075-34-0045|099 VTK
P_67|provider|Carrie|Garcia|1939-08-02|kevinsimmons@mcgee.biz|220-37-0599|2DT 286
P_68|provider|Dr.|Monica|1941-07-28|brandontucker@manning.com|892-40-7174|393-119
P_69|provider|Billy|Mitchell|1993-05-27|marco08@sanchez.com|478-03-8897|A56-TEE
P_70|provider|Harry|Cohen|1942-09-29|lauren02@robinson.info|535-16-1452|200 AOB
P_71|provider|Natalie|Curtis|1948-02-10|gomezcolleen@kim-pratt.com|213-55-9939|2-M7393
P_72|provider|Gloria|Wiley|1938-07-21|jose78@reid-johnson.com|084-63-1208|HLK-046
P_73|provider|Lisa|Kim|1968-11-02|qmolina@brown.com|604-42-7749|QOS 210
P_74|provider|Jessica|Wilson|1989-02-03|wjohnson@stevenson.net|560-02-6829|YJI 133
P_75|provider|Mary|Maxwell|1945-11-11|susancrosby@davis.com|692-26-5435|8513
P_76|provider|Alan|Miller|1981-08-27|ayalajames@williams-smith.com|673-06-6545|4YN0560
P_77|provider|Charles|Craig|1960-07-01|barbarastevens@wright.com|849-81-0575|1NQC 51
P_78|provider|Leah|Turner|1989-08-21|fnewman@jenkins.net|595-03-9600|GOR 281
P_79|provider|Aaron|Holmes|1985-10-30|acostagerald@smith.com|332-59-7186|WRY X47
P_80|provider|Lisa|Parker|1939-12-15|tammy53@nichols.com|843-77-6132|JWU0598
P_81|provider|Mason|Walker|1975-03-14|howardsabrina@thompson.biz|448-32-0025|73B•365
P_82|provider|Adrian|Norris|1938-06-14|lbanks@lynch.com|599-05-0078|839Q1
P_83|provider|Cody|Nelson|1944-04-10|lpark@jenkins-richardson.org|549-38-5271|7Q L9107
P_84|provider|Randy|Sweeney|1995-01-06|vjimenez@dillon-wall.com|216-50-8461|DMA-9843
P_85|provider|Edward|Moore|1947-02-08|lisataylor@salas.com|204-49-2520|VK0 8519
P_86|provider|Brian|Clark|1954-11-11|haydennash@christensen-hernandez.com|702-19-3100|VT-1299
P_87|provider|Anna|Roberts|1950-03-21|robert80@campbell-lane.com|087-11-8662|970-306
P_88|provider|Jose|Shaw|1958-09-18|hatfieldmichele@french.com|056-75-1985|308-WSS
P_89|provider|Manuel|Fischer|1955-02-26|gonzalezemily@davis-murray.net|016-64-5312|520-GXZA
P_90|provider|Betty|Martinez|1952-09-15|pattersondaniel@dunn.info|843-74-1526|VF 95087
P_91|provider|Kimberly|Ramirez|1967-05-10|jessicamaldonado@williams-howell.info|096-65-0412|046 MDD
P_92|provider|James|Reese|1989-07-08|stevenmartin@crawford.com|242-85-5061|H89-ALW
P_93|provider|Monique|Santiago|1952-06-27|anavarro@harrison.com|547-30-6804|IID 613
P_94|provider|William|Lopez|1961-10-13|ryandavis@price-hill.org|746-12-6600|09P 160
P_95|provider|Andrew|Wagner|1977-05-28|zachary44@morris-castro.com|858-72-3482|IKP 393
P_96|provider|Justin|Smith|1980-10-26|stacymartinez@bentley-knight.biz|667-41-2985|FK2 W4F
P_97|provider|Scott|Moore|1960-02-01|owencrystal@harris-hall.org|162-10-6519|180 NWM
P_98|provider|Stephanie|Williams|1941-03-18|sgardner@smith.com|808-20-5291|53L V91
P_99|provider|Jennifer|Moyer|1972-01-17|wyattjoshua@garrett.com|888-04-4469|4PN Q29
P_100|provider|Natalie|Miller|1964-10-01|davidhines@becker.com|360-71-5851|511-FPD
P_101|provider|Katelyn|Esparza|1960-12-04|kristigonzalez@rogers.com|778-50-8764|08CK672
P_102|provider|Kathryn|Hawkins|1939-05-26|oburgess@medina.com|388-58-5920|053 PIP
P_103|provider|Michael|Reyes|1957-09-22|markschaefer@hill-ramirez.com|201-05-6270|RTQ 997
P_104|provider|Elizabeth|Leach|1954-12-16|ikhan@shepherd.net|460-05-3631|TFZ 284
P_105|provider|Amanda|Coleman|1957-01-26|paul90@mason.com|106-49-6637|88T M94
P_106|provider|John|Day|1954-05-21|salazardustin@santana.com|712-77-4310|223XBC
P_107|provider|Kyle|Ruiz|1957-09-03|qdiaz@gould-hardy.com|256-15-0013|F58 7QW
P_108|provider|Jennifer|Baldwin|1991-08-08|lfloyd@hunt.com|307-29-8190|097 PET
P_109|provider|Derek|Wilson|1974-01-01|michelle83@howell-mendez.com|860-57-6015|0-26613
P_110|provider|Madison|Neal|1992-10-15|bryancooper@juarez.info|778-90-0348|ZZT 561
P_111|provider|Michael|Fuller|1992-08-16|jacqueline64@gutierrez-miranda.com|578-79-5692|QH-9432
P_112|provider|Pamela|Collier|1976-12-02|stephen70@steele.com|491-77-2488|609-049
P_113|provider|Gary|Chandler|1984-07-27|shawnmeza@gaines-santos.com|543-44-5519|19IZ1
P_114|provider|Elizabeth|Palmer|1998-01-01|angela06@briggs-mckinney.com|699-03-1822|TI3 8899
P_115|provider|Michelle|Bennett|1990-12-18|hcombs@powell.com|867-22-7239|645-TZY
P_116|provider|Holly|Garcia|1981-02-11|sharonjensen@browning.com|386-68-3541|UFV 2302
P_117|provider|James|Jones|1971-08-23|oporter@clark.com|631-46-8569|7613 AN
P_118|provider|Bryce|Davidson|1950-01-05|robert91@martinez-becker.biz|473-94-9363|4-82340W
P_119|provider|Leonard|Reeves|1983-08-29|pratttaylor@jackson-grimes.net|735-99-7755|ZFK 480
P_120|provider|Cathy|Rodriguez|1934-03-25|smithlinda@hamilton.com|581-99-7428|MFB 996
P_121|provider|Scott|Ortega|1961-05-02|wrightkeith@soto.org|847-38-2553|611 ND3
P_122|provider|Shirley|Baxter|1987-02-25|cstevens@hendricks-soto.biz|757-76-3370|RGP 694
P_123|provider|Matthew|Elliott|1955-07-18|tiffany46@jackson-smith.com|133-92-0541|445C
P_124|provider|Joshua|Castro|1933-04-03|christopher58@riley.com|881-23-0412|7I 3832L
P_125|provider|Gary|Myers|1983-03-19|smorris@nelson-moore.com|115-08-7611|67H•794
P_126|provider|Crystal|Boone|1938-02-12|jamiealexander@rodriguez.com|400-03-0470|57A 216
P_127|provider|Matthew|Douglas|1936-02-20|meyerjamie@barron.info|628-70-5074|241Y
P_128|provider|Teresa|Brown|1953-06-25|michael14@walls.com|665-38-3141|TGD 372
P_129|provider|Ms.|Sara|1946-12-10|tanyahenderson@daniels.info|486-54-0387|YKB 532
P_130|provider|Henry|Jones|1976-01-03|pvelazquez@white-ryan.com|465-91-0027|704 VQH
P_131|provider|Jose|Espinoza|1957-11-09|fhines@hawkins.net|550-92-9343|RLV-5759
P_132|provider|George|Livingston|1937-01-15|vbaker@weaver.com|168-02-2382|ZS 5484
P_133|provider|Gilbert|Lewis|1961-02-06|nboone@boyd-mendoza.net|173-20-9732|2T 01679
P_134|provider|Mrs.|Crystal|1948-02-12|carmen55@guerrero.com|884-46-2240|68-4256O
P_135|provider|Paul|Brown|1955-06-21|baileymegan@harper.info|372-84-5929|244 DYN
P_136|provider|Eric|Smith|1965-12-17|davistyler@bailey.net|792-86-9824|KZM 733
P_137|provider|Alicia|Sullivan|1937-05-17|marvin61@mathis.com|447-49-3037|01FZ8
P_138|provider|Heather|Middleton|1936-03-29|sheilaknight@campbell.org|215-94-4538|811 GZQ
P_139|provider|Elizabeth|Macias|1935-09-26|michael57@henderson-baker.net|643-85-1952|058 TTM
P_140|provider|Donna|Wells|1985-10-11|vlewis@smith-jacobs.com|777-17-8930|7HK I60
P_141|provider|James|Chang|1984-06-19|david96@gomez.info|320-84-3670|541 VER
P_142|provider|Barbara|Barnett|1932-08-15|kaitlynnelson@martin-anderson.org|282-29-5371|0FB43
P_143|provider|John|Rojas|1964-12-16|wagnerdavid@smith.net|690-92-1430|245-AHT
P_144|provider|Curtis|Dean|1953-04-30|mprice@ward.com|733-89-1452|W91 0SH
P_145|provider|Leslie|Ward|1959-10-29|bethphillips@anderson.com|236-33-2081|9CL98
P_146|provider|Michael|Patterson|1983-11-08|michaelryan@hess.biz|024-65-5253|586 UIE
P_147|provider|Judith|Chavez|1953-09-14|lrobinson@greene.biz|406-61-9458|639-NLD
P_148|provider|Barbara|Choi|1933-10-08|acarpenter@bullock.com|643-22-6327|JTD 884
P_149|provider|Shawn|Higgins|1933-03-16|xsanchez@lawrence-wilson.org|530-37-3152|4I NB293
P_150|provider|Gabriel|Kim|1955-04-04|bonniepark@johnson.com|886-08-2251|59C 907
P_151|provider|John|Alvarez|1971-12-12|bosborne@clark.com|645-68-0951|6NK 078
P_152|provider|William|Phillips|1957-01-13|palmergloria@rivera.com|742-55-8607|5WY6387
P_153|provider|Michelle|Garcia|1999-02-03|montgomerysara@love.biz|082-11-6980|UCL 237
P_154|provider|Nicole|Martinez|1935-02-06|debralewis@lowery.com|587-19-6172|58XQ242
P_155|provider|Greg|Perez|1988-08-18|steven49@lucas-reed.com|605-09-0362|6-43910
P_156|provider|Elizabeth|Rose|1954-08-11|susanrose@branch-robertson.com|157-64-2227|6-U4742
P_157|provider|Gabrielle|Jones|1982-01-02|karen92@jackson.com|432-49-4333|AJF0463
P_158|provider|Tyler|Craig|1984-07-01|joneswilliam@martinez-shelton.info|811-25-5250|MQ5 Z6M
P_159|provider|Margaret|Short|1933-05-25|annettelong@johnson.com|059-70-1999|246 0321
P_160|provider|Kayla|Mitchell|1999-05-20|nicholas35@campos-simpson.com|841-88-5744|6QI 614
P_161|provider|James|Francis|1947-06-14|kingmark@murray.biz|354-75-2400|972 1SJ
P_162|provider|Samuel|Nichols|1938-06-20|andreagallagher@calhoun.com|111-93-4379|2JL Q97
P_163|provider|Christine|Baker|1951-01-24|saraturner@summers.biz|580-37-4672|1UUM 16
P_164|provider|Mary|Taylor|1945-05-29|williamsmegan@johnson.com|816-42-4303|HXA 350
P_165|provider|Danielle|Miller|1992-04-03|meganevans@morales-phillips.com|888-63-4453|JUA-6667
P_166|provider|Shirley|Parker|1953-05-16|donaldhoward@edwards-moss.info|178-87-8654|H65 1KH
P_167|provider|Dennis|Allen|1981-06-22|juliemckay@mueller.com|836-74-9835|01K J74
P_168|provider|Brian|Grimes|1949-05-12|braunpamela@williams.info|854-66-5556|Z53 6HG
P_169|provider|Benjamin|Perez|1974-10-26|powersadam@russell.com|614-57-3529|0T 5731B
P_170|provider|Jonathan|Love|1953-01-13|shawnarnold@waller.com|170-71-8691|DMU9319
P_171|provider|John|Smith|1981-02-10|kirkjose@proctor-carey.org|087-17-1615|SBO 401
P_172|provider|Aaron|Nelson|1975-10-06|brownjohn@green.com|419-56-5381|F51 9ZO
P_173|provider|Sarah|Hogan|1973-01-20|thomas16@greer.org|895-18-4418|852-KWDV
P_174|provider|Daniel|Olson|1952-12-03|seanjimenez@lopez.com|159-74-4016|76T•643
P_175|provider|Sarah|Stokes|1943-09-17|stevenjohnson@avila-davis.com|565-37-3226|854TE
P_176|provider|Katherine|Johnson|1958-11-05|murraykevin@duffy.info|248-20-1474|1V K3355
P_177|provider|Lisa|Davis|1982-03-24|whobbs@duran.com|186-38-7550|9D A9417
P_178|provider|Heidi|Baker|1956-10-18|jmoore@riley.net|198-89-1541|025Z7
P_179|provider|Daniel|Rogers|1952-07-31|camachokyle@riley.com|778-69-9543|5DO Y88
P_180|provider|Heidi|Harris|1934-12-17|qmartin@cooper.com|617-55-6681|MKV-2510
P_181|provider|Michelle|Mitchell|1932-02-05|egibson@cantrell-miller.org|615-45-0367|VCO-7294
P_182|provider|Caitlin|Thomas|1940-11-27|stephen54@reyes-moore.org|243-64-7192|1QZ9932
P_183|provider|Katrina|Nelson|1976-02-07|trogers@nixon-thompson.com|122-15-9105|430 FNP
P_184|provider|Tracey|Gray|1987-02-21|karen64@brown.com|073-64-0293|FIU 670
P_185|provider|George|Arroyo|1999-12-21|fisherjessica@cruz.com|270-99-9496|8B D6510
P_186|provider|Sherry|White|1946-12-06|robertrodriguez@young.com|194-21-6752|84B 686
P_187|provider|Grace|Yang|1986-04-19|davismaria@woodard.com|459-17-1188|084-XAQ
P_188|provider|Sabrina|Fletcher|1990-08-21|tjones@morton.com|108-81-3323|974 MMD
P_189|provider|Bradley|Salazar|1942-03-26|edwinjohnson@barker.com|377-47-5251|GDD7586
P_190|provider|Sherry|Morgan|1957-07-09|vlawrence@mcgee.com|363-98-4864|48-P049
P_191|provider|William|Nelson|1977-02-11|christina83@smith.com|308-06-8107|RMA 792
P_192|provider|Erica|Barrett|1960-03-12|sarahschmitt@tapia.com|493-81-1980|36D S29
P_193|provider|Angel|Wilson|1938-01-11|ashley67@romero.info|038-88-5723|657 JUS
P_194|provider|Cassie|Bass|1977-10-05|johnsonjeff@martinez.com|360-20-1166|MC7 P1C
P_195|provider|Anna|Baldwin|1974-04-04|dwilliams@thomas-jennings.com|725-86-9903|520 NEZ
P_196|provider|Jacqueline|Marquez|1939-06-17|roberta09@williams.org|502-64-4542|3FW 775
P_197|provider|Samuel|Davis|1959-09-23|curtis79@munoz.org|881-74-1883|AXX-7928
P_198|provider|Andrew|Gomez|1970-01-19|krausemaurice@james.com|581-33-5179|3-34831L
P_199|provider|Rachel|Ford|1962-12-13|mitchellbrian@torres.com|687-24-0754|408 8684
P_200|provider|Michael|James|1943-10-16|andrea53@orr-knight.com|243-34-1557|4-20477D
P_201|provider|Brittany|Norris|1979-01-28|stacey87@owens-garcia.com|143-92-4477|38S 6555
P_202|provider|Richard|Wells|1950-08-30|rbrown@johnston.biz|284-40-8334|365-UEI
P_203|provider|Connie|Leonard|1933-11-17|zkent@ryan.com|261-59-5480|471-ADE
P_204|provider|Yvette|Tyler|1948-09-27|hvelez@baker.com|413-77-7363|005 PRQ
P_205|provider|Alexander|Johnson|1957-04-29|stevensphillip@singleton-johnson.com|138-44-1227|749 1BW
P_206|provider|Todd|Gomez|1974-05-26|courtney40@porter.com|415-21-7222|418 YK7
P_207|provider|Priscilla|Wright|1992-12-19|michaelallen@chapman-wilson.org|029-85-9462|5FB 675
P_208|provider|Jocelyn|Sanchez|1937-12-28|esmith@tucker-vaughan.com|532-23-3962|FIX W74
P_209|provider|Barbara|Perez|1979-09-06|mitchellavila@hernandez.net|148-27-0026|323-176
P_210|provider|Gregory|Townsend|1970-12-04|trevinoalison@parks.info|428-90-3285|9-0999U
P_211|provider|Joshua|Harvey|1976-09-11|wrightwilliam@black-ortega.biz|783-25-6775|526 ZUF
P_212|provider|Brad|Williams|1972-03-29|jcarrillo@barnett.info|115-14-3843|467 KIP
P_213|provider|Elizabeth|Warner|1959-10-28|brian90@jackson.com|663-62-3823|1EDB 44
P_214|provider|Amanda|Frost|1999-10-24|karen11@kane-myers.net|417-26-7385|NHQ5854
P_215|provider|Maria|Salazar|1956-07-04|xnavarro@bell.biz|456-50-6657|WZT 217
P_216|provider|Andrea|Fields|1943-08-10|bstevens@howell.com|014-03-4289|Z38 3BN
P_217|provider|Michelle|Dawson|1932-08-23|jennifer36@cruz.net|027-79-3100|20S•027
P_218|provider|Kathy|Bentley|1972-05-19|qwillis@jackson-walker.com|862-28-0860|NAG-8010
P_219|provider|Michael|Foley|1949-01-30|eugene81@garcia-sanchez.org|889-34-7156|237-SNH
P_220|provider|Mary|Myers|1957-06-22|fnavarro@lewis.com|514-79-4615|490AFS
P_221|provider|Michael|Cooper|1996-08-30|xmccoy@waller-gonzalez.biz|355-98-6122|116-YPM
P_222|provider|Erin|Frazier|1982-10-27|hutchinsonbilly@lambert.com|724-33-9675|ZJC-1943
P_223|provider|John|Harris|1956-04-25|christopher17@thompson-mcbride.biz|374-30-6358|021 QKK
P_224|provider|Matthew|Reid|1939-11-20|zmartin@flowers-baker.com|670-99-0092|1413 NF
P_225|provider|Jamie|Adams|1954-12-24|reedtammy@miller.biz|180-22-6031|91X•835
P_226|provider|Crystal|Smith|1965-12-18|shanestevenson@prince-adams.com|476-21-7642|363-LUJS
P_227|provider|Brittany|Gutierrez|1993-05-03|ocooke@berry.com|383-42-0390|627 UMC
P_228|provider|Jay|Davis|1963-06-18|rwilliams@wilson.net|101-75-7281|577 RBA
P_229|provider|Andrea|Sanchez|1991-06-07|juliepeterson@martin.com|671-06-0192|UMN I19
P_230|provider|Paul|Lara|1956-07-10|colehector@coleman.biz|206-88-5077|67G 1062
P_231|provider|Emily|Mckay|1936-04-17|zjohnson@smith.com|658-95-5732|ZJX 440
P_232|provider|Jenna|Jones|1967-06-25|michaelsmith@davis-haynes.biz|402-55-2268|795 GJJ
P_233|provider|Catherine|Woods|1951-01-23|thomasspence@adams.net|724-57-1426|AEX 145
P_234|provider|Troy|Johnson|1996-01-01|rtrujillo@buckley.biz|619-89-2620|359 FOV
P_235|provider|Melissa|Hoffman|1956-10-04|vmiller@smith.com|750-57-4273|DXJ1151
P_236|provider|Nicholas|Lewis|1943-12-10|valdezjamie@cole.com|062-66-4865|636 2GJ
P_237|provider|Kendra|Rivera|1967-09-02|jessica50@davis.com|570-86-9230|0582 RZ
P_238|provider|Michael|Gregory|1979-05-14|shepardcatherine@brown.com|464-08-4219|R15-50D
P_239|provider|Timothy|Chapman|1971-08-30|alexandra02@byrd-harris.org|231-12-4630|478 PEK
P_240|provider|Jessica|Taylor|1947-05-21|bryceodonnell@burns.com|614-51-1528|22-SU48
P_241|provider|Keith|Aguirre|1976-02-21|trevor29@reyes-middleton.com|060-11-1704|530 0HI
P_242|provider|Susan|Johnson|1956-12-06|marysalazar@wright.info|763-40-7821|J 139901
P_243|provider|Albert|Brady|1967-05-26|isaiah38@jackson.org|131-28-8971|XXX-6014
P_244|provider|Mary|Johnston|1989-10-12|vasquezdenise@howard-alexander.com|130-20-0709|DUB-454
P_245|provider|Patricia|Blanchard|1937-11-20|chelseystevens@parker.com|669-50-8606|4-H7223
P_246|provider|Nicholas|Ramirez|1952-06-20|rachelcantu@garcia-jones.biz|318-61-6957|022 EYA
P_247|provider|Amanda|Lucas|1977-06-29|bauerdonald@douglas.info|308-71-0593|PGN 419
P_248|provider|James|Harrell|1971-08-18|tammychapman@hernandez.com|715-52-5474|4EW 078
P_249|provider|David|Brewer|1993-06-27|edwardsjames@rodriguez.com|299-64-2544|LVG 068
P_250|provider|Mrs.|Jane|1989-05-07|williamstyler@dean.com|339-47-5896|172-RZU
P_251|provider|Kimberly|Williams|1992-03-10|wjones@peterson-simpson.net|037-89-8247|VFK 820
P_252|provider|Mrs.|Kimberly|1936-11-09|zkelly@chase.com|425-40-8181|U47-87X
P_253|provider|Daryl|Manning|1948-10-19|vargasbryan@davis.com|011-89-5355|TJR-9212
P_254|provider|Christopher|Potter|1935-06-05|rebeccaholland@richardson.com|159-18-8831|ZOJ 258
P_255|provider|Mr.|Hector|1947-03-11|igarcia@gilbert.com|678-82-3855|QEF-9835
P_256|provider|Carolyn|Bell|1963-11-29|joshuasimmons@davis.com|012-99-8050|F19 8JB
P_257|provider|Brian|Lewis|1963-03-04|kellydenise@stewart-joyce.com|726-71-1603|5CK 132
P_258|provider|Katherine|Williams|1959-03-24|nstafford@stevens-smith.info|016-63-6012|8N 99969
P_259|provider|Amy|Cook|1932-12-03|brian26@gregory.com|576-83-7973|GFH5206
P_260|provider|Janet|Carter|1967-04-11|omckinney@hayes.com|687-50-1843|EJS4744
P_261|provider|Christina|Hampton|1972-09-08|rjohnson@kent-cook.org|195-14-6208|107J8
P_262|provider|Edward|Johnson|1979-03-16|jdavis@stuart.com|478-44-9991|267 LYM
P_263|provider|Stephanie|Obrien|1969-07-24|toni45@wang.info|428-38-6928|02S•006
P_264|provider|Tina|Vazquez|1963-09-16|patricia48@miller.info|014-84-5562|645-VKC
P_265|provider|Jeremiah|Allen|1950-02-09|emilycamacho@frazier.org|363-22-9387|8-7938Z
P_266|provider|Madison|Mitchell|1935-08-12|michelleperez@solis.com|735-05-7022|8557
P_267|provider|Jordan|Raymond|1970-03-21|chavezbrandon@wells.biz|092-85-9199|363-ZCC
P_268|provider|Margaret|Collins|1998-03-24|nicolelong@dunn-martinez.com|311-49-5420|ZMJ 356
P_269|provider|Alyssa|Castillo|1977-04-22|nicole57@hooper.com|327-47-0849|EZX 5206
P_270|provider|Leslie|Smith|1943-12-19|donald02@garza.com|674-91-8964|QBW 154
P_271|provider|Christopher|Houston|1956-10-11|loganhicks@murphy.net|784-75-7566|81W 1495
P_272|provider|Amanda|Kim|1956-10-30|carlos97@schmidt-reed.biz|350-80-1507|ACI-2560
P_273|provider|Howard|Sanchez|1941-12-04|zmitchell@wilson.com|063-74-9896|YRS-486
P_274|provider|Sophia|Fisher|1991-05-04|ffuentes@martin.org|479-18-0375|2908
P_275|provider|Timothy|Henderson|1973-08-21|sanchezvirginia@harris.com|785-52-3842|767 DJU
P_276|provider|Kathryn|Diaz|1940-06-01|jhouston@sanchez.com|812-24-1083|243UZV
P_277|provider|Brandon|Hayes|1981-06-21|john17@turner.com|715-09-1870|8I959
P_278|provider|Alison|Garza|1981-02-25|uhenderson@bass-curry.info|728-86-4397|FO9 6671
P_279|provider|Benjamin|Norman|1966-06-30|snewman@chung-sanchez.com|886-70-5988|28-54017
P_280|provider|Alexandra|Nelson|1965-12-01|anthonyharrison@mitchell.com|846-35-9821|MXA5037
P_281|provider|Nathan|Walters|1950-09-22|oprince@estrada-mcdonald.net|235-56-5997|8383
P_282|provider|Jessica|Brown|1948-05-18|michaelleonard@french-marshall.com|101-22-1424|KXN2673
P_283|provider|Timothy|Rodriguez|1963-04-27|keith23@snyder.net|046-36-7247|354 BBO
P_284|provider|Travis|Howell|1943-09-16|stuarthudson@kim.net|273-14-7406|AOK L18
P_285|provider|Tyler|Johnson|1938-10-18|josevega@gentry-neal.com|401-60-1573|796-LNY
P_286|provider|Debra|Wilkerson|1972-12-07|wwatson@watson-gutierrez.com|241-33-6482|1CF 211
P_287|provider|Sarah|Robertson|1950-06-25|davidperez@thompson-burke.info|158-89-0702|34-J217
P_288|provider|Jeffrey|Mejia|1947-05-12|scottmary@wong-stewart.com|747-08-5527|939 NOJ
P_289|provider|Lisa|Moore|1952-01-31|jacobwhite@mitchell.com|672-66-3213|5US7733
P_290|provider|Craig|Nguyen|1979-11-22|leonardtrujillo@johnson-dunn.com|567-91-8088|947 KHE
P_291|provider|David|Boyer|1964-08-02|butlerjulie@goodwin-massey.biz|527-97-4040|BPD 315
P_292|provider|Katie|Payne|1990-05-07|gsanders@graham.org|542-43-4966|75V RN8
P_293|provider|Adrienne|Rogers|1958-05-26|millerscott@martin-potts.org|631-68-7341|1NW 574
P_294|provider|Alisha|Mason|1932-03-26|rodriguezrebecca@becker.com|115-36-3482|U12-OSY
P_295|provider|Cynthia|Winters|1962-03-25|gerald14@berg-hawkins.net|482-50-4378|B 161850
P_296|provider|Marissa|Bentley|1996-08-14|randy25@meyer.com|079-62-4045|ID 85802
P_297|provider|Casey|Trujillo|1995-08-29|james20@proctor-crawford.info|435-23-5562|OWD-592
P_298|provider|Jonathon|Patton|1961-12-13|paula75@bishop.com|476-85-9692|370-PTGQ
P_299|provider|Michelle|Fowler|1973-02-18|beth21@harvey.info|819-93-3540|GIT-6965
P_300|provider|Evan|Estes|1945-02-13|anna02@wyatt.com|345-24-0146|418 TTS
P_301|provider|Mia|Bryant|1965-09-04|hillmax@cunningham.org|342-90-9700|096-831
P_302|provider|Julie|Davis|2000-09-23|lindsey79@wall-diaz.com|152-75-6122|184AXP
P_303|provider|Cassidy|Washington|1970-03-09|hermanjerry@hunt.com|487-64-8693|XIY 441
P_304|provider|Gabriel|Mccoy|1933-07-20|ryan92@dean.info|771-54-3202|S 245341
P_305|provider|Mackenzie|Gardner|1941-10-01|amandaalexander@thomas.biz|839-18-6928|A65 9ZE
P_306|provider|Catherine|Nichols|1967-01-02|tinasherman@barron.com|365-15-7713|8VW 737
P_307|provider|Tony|Wilson|1941-02-20|khawkins@schwartz-taylor.org|100-96-0322|165 ARC
P_308|provider|Michael|Anderson|1959-01-11|ryanrobinson@ramirez.com|448-48-7494|8-03516O
P_309|provider|Jennifer|Spence|1999-11-24|bharris@sanchez-martin.com|663-24-4466|79M B91
P_310|provider|Wyatt|Walker|1960-10-24|candacesingleton@johnson.info|667-70-2243|6F 22346
P_311|provider|Steven|Boyd|1942-10-10|salazarcassidy@garcia.org|513-52-1224|ZPN 842
P_312|provider|Dr.|Amanda|1969-04-26|william31@simmons.com|792-56-2334|05B 564
P_313|provider|Thomas|Neal|1991-02-24|patrickortiz@clayton.com|108-97-4469|WIT-5534
P_314|provider|Joe|Guerrero|1953-01-01|ronald18@long.net|832-99-3003|716-531
P_315|provider|Amy|Grant|1993-05-06|bergthomas@gonzalez.com|088-61-2051|3ZI H09
P_316|provider|Nina|Allen|1990-04-03|wpadilla@lopez-perry.org|878-54-4170|7OX B19
P_317|provider|Maria|Miller|1970-03-09|rbishop@hubbard-russo.com|846-04-0687|PXE4882
P_318|provider|Michael|Garrison|1979-11-07|qwilliams@harvey.info|825-78-1975|TY-2331
P_319|provider|Jeffrey|Palmer|1954-02-22|qrodriguez@salazar.com|406-38-2674|1FO3288
P_320|provider|Benjamin|Smith|1971-06-15|katherine96@kline.org|566-59-6341|CLN 049
P_321|provider|Amanda|Fox|1986-04-09|joshuapayne@allen.com|691-32-3997|54-I101
P_322|provider|Barbara|Carter|1955-07-09|fscott@daugherty.com|240-26-4155|K43 4MV
P_323|provider|James|Frank|1948-01-08|bradleyanthony@stewart.com|109-52-0532|23T F10
P_324|provider|Susan|Johnson|1970-11-29|ugonzalez@mccormick.com|349-64-7476|51Y E64
P_325|provider|Brian|Navarro|1942-06-30|christopher65@flores.com|812-12-7056|6SQ7898
P_326|provider|Troy|Robinson|1940-03-17|jacksonmelissa@wilson.com|763-22-2568|681 HRX
P_327|provider|Matthew|Garcia|1971-04-09|wheelerstephen@robinson.com|152-03-1819|LWS 303
P_328|provider|Darryl|Shepherd|1967-09-03|shelly43@thornton-norton.com|513-58-6187|ZGO 262
P_329|provider|Denise|Gonzales|1939-03-25|chriswright@brown.com|553-38-2621|3Z 2906E
P_330|provider|Cory|Rose|1972-12-24|charris@andrews.com|401-78-5204|413 RLC
P_331|provider|Sharon|Booker|1932-12-14|michael54@harper-brown.info|140-95-0133|0-L2647
P_332|provider|Kirk|Gray|1990-01-01|sara72@williams-lawson.com|449-09-1641|101 CMI
P_333|provider|Jessica|Bradley|1966-11-05|deborah14@wang-russell.com|579-42-9574|LHM 665
P_334|provider|Daniel|Todd|1987-06-04|sarahrodriguez@cooley.com|647-71-7091|JZW4782
P_335|provider|Ann|Clark|1983-03-29|youngantonio@johnson-lucas.com|377-06-2298|4-89302
P_336|provider|Michelle|Castaneda|1962-03-30|cummingszachary@stone.com|777-67-8904|233 8CQ
P_337|provider|Teresa|Lyons|1951-03-24|kwilliams@brady.com|078-41-5837|LGQ 523
P_338|provider|Taylor|Ibarra|1960-10-06|reyeskevin@phillips.net|722-68-7198|OGE 292
P_339|provider|Jonathan|Johnson|1960-04-23|alicia45@garza.biz|194-12-8728|121-EZZ
P_340|provider|Clinton|Kelly|1992-01-12|charles86@robinson.biz|624-80-6479|YNW 162
P_341|provider|Thomas|Conway|1991-03-27|riosalicia@smith.com|805-50-3105|6L R7713
P_342|provider|Brian|Sherman|1955-01-11|valenzuelatimothy@cox-house.info|476-54-6450|MW 1240
P_343|provider|Jennifer|Shelton|1980-10-15|carlrodriguez@waters-perez.com|796-54-7696|PGU3423
P_344|provider|Catherine|Livingston|1963-11-09|jeffrey49@daniel.com|780-39-1283|306-YEV
P_345|provider|Jennifer|Black|1993-12-07|jonathanjohnson@ayers-collins.com|738-08-9496|VVA-7803
P_346|provider|Maria|Walter|1987-04-07|dyeredward@jones.org|421-85-6324|84-Y850
P_347|provider|Robin|Lutz|1996-12-07|roy74@boyer.com|368-28-0925|HEO 4351
P_348|provider|Marcus|Rangel|1956-07-05|scott16@herrera.com|573-09-6786|65-2236C
P_349|provider|April|Carey|1988-05-24|cody58@medina.net|059-94-1961|384-392
P_350|provider|Candace|Vargas|1984-10-07|colleen89@stokes.com|345-91-9204|ZRS 044
P_351|provider|Jared|Erickson|1967-07-21|kkrause@manning.info|167-71-8869|BLX-185
P_352|provider|Michael|Sawyer|1971-06-30|sarah22@payne.com|678-71-1536|2YK E13
P_353|provider|Deanna|Conley|1961-04-30|shannon69@rodgers.com|272-56-7190|4OD56
P_354|provider|Dawn|Vargas|1937-03-27|vfernandez@johnson.net|515-24-4161|57N C94
P_355|provider|Edwin|Golden|1987-10-30|michellenorris@reyes-mason.com|389-98-8735|848 0046
P_356|provider|Terri|Lee|1985-06-18|carlosgriffith@daugherty-lewis.com|132-01-9069|096L3
P_357|provider|Cynthia|Frederick|1978-01-18|laurafernandez@spears.com|879-76-6593|354QYG
P_358|provider|Erin|Wells|1932-03-07|davidgarcia@morales.com|617-22-7526|740 OGC
P_359|provider|Cynthia|Phillips|1960-02-06|chad99@wheeler.com|804-43-7214|453ON
P_360|provider|Elizabeth|Gonzalez|1972-01-22|uross@smith.com|439-76-2763|930-533
P_361|provider|Vincent|Stanley|1941-05-01|laurenfrank@peck.com|476-07-9984|8TPU599
P_362|provider|Denise|Nunez|1935-11-17|rfranklin@williams.com|786-66-4056|34-9700Q
P_363|provider|Ann|Rodriguez|1975-02-08|zacharyparker@jones-hayes.com|799-73-9137|ZKQ0939
P_364|provider|Kayla|Alvarado|1979-01-21|cynthia55@payne.com|817-16-9762|346G
P_365|provider|Darlene|Boyd|1945-06-13|shenderson@mann.biz|816-16-2419|IKV-8846
P_366|provider|Bryan|Burns|1987-04-08|kochnichole@jones.com|447-18-1740|171C
P_367|provider|Jessica|Gonzalez|1992-12-20|kelly30@shaw.info|274-28-2847|8-0699P
P_368|provider|Jeffrey|Padilla|1974-09-13|cnguyen@hopkins.com|390-40-7396|6IL 286
P_369|provider|Adam|Martin|1950-11-03|ncampbell@king.com|530-18-2620|992ZGJ
P_370|provider|Amber|Dunn|1984-02-29|angelasmith@jackson-carpenter.info|087-82-8965|ZFU-205
P_371|provider|Heather|Lin|1982-05-31|marvin39@snyder.com|757-69-1732|GD5 X2Y
P_372|provider|Angela|Mathis|1961-09-16|umatthews@williams-lopez.com|551-31-4278|4ECO 56
P_373|provider|Donald|Todd|1958-03-12|jtownsend@brooks-joseph.com|539-64-2529|266 TJG
P_374|provider|Zachary|Hines|1964-04-06|drew58@jimenez-myers.biz|412-20-9363|GPI 667
P_375|provider|Jessica|Dominguez|1944-01-04|patriciagraves@mayo-miles.com|839-05-5669|126 YSG
P_376|provider|Amber|Curtis|1990-07-27|wardpeggy@brown.net|673-72-9012|Q 652739
P_377|provider|Alice|Miller|1986-04-19|johnsonjustin@meyers-wolfe.com|407-84-1502|6Q 86976
P_378|provider|Gina|Gentry|1936-02-12|vbaker@garrett.com|558-92-2954|16Z 651
P_379|provider|Jennifer|Copeland|1986-04-14|matthewmack@roach.com|731-14-8989|580-UIB
P_380|provider|Douglas|Moyer|1948-11-23|jason00@glass.com|831-05-5966|66BV551
P_381|provider|James|Bradley|1951-01-21|fwilliams@clark.com|279-34-6273|X11-06H
P_382|provider|Kimberly|Duncan|1967-10-08|michellesmith@marsh.com|091-91-8191|Y96-02Y
P_383|provider|Tabitha|Douglas|1970-07-20|coopermary@floyd-thomas.biz|810-34-5950|GOC 386
P_384|provider|Alvin|Reyes|1973-05-25|kristen69@rodriguez-hall.net|683-34-2035|YTY6965
P_385|provider|Jeffrey|Faulkner|1954-01-04|camposrobert@johnson.com|160-47-4466|SZB-1951
P_386|provider|David|Kaufman|1998-01-18|jason44@reed.com|792-44-3429|7V766
P_387|provider|Michael|Morgan|1959-05-31|washingtonkelsey@stanton.com|261-63-0249|839RM
P_388|provider|Derrick|Levine|1932-09-18|cartertammy@knight-mitchell.com|611-11-4809|GWG 135
P_389|provider|Kenneth|Trujillo|1975-09-30|rebekahbarber@murphy-duke.com|283-76-4758|WSA-360
P_390|provider|Jennifer|Floyd|1939-03-02|efloyd@patterson-wright.org|771-70-1716|OIC 547
P_391|provider|Jack|Mosley|1992-10-07|mharris@wells-fisher.com|505-46-9460|944 EG5
P_392|provider|Scott|Potts|1991-08-27|matthew62@lopez-munoz.com|509-95-6975|ZYD 118
P_393|provider|Melissa|Hicks|1953-07-30|michael45@williams-davis.com|125-42-7513|7W 06763
P_394|provider|Tiffany|Franklin|1984-12-13|wheelerkevin@kim.com|752-84-4044|9-49826Z
P_395|provider|Mr.|Randy|1971-08-21|alejandro49@holmes-murphy.com|875-25-9982|9L 5244J
P_396|provider|Laura|Lopez|1978-10-18|robin87@bailey-fox.com|263-11-3494|3OW96
P_397|provider|Janet|Castillo|2000-05-03|monica86@ortiz.com|012-74-7635|540 KLH
P_398|provider|Kimberly|Hogan|1972-06-03|kellymoore@green.info|360-95-6427|557 HCH
P_399|provider|Christopher|Thompson|1951-09-30|jacobcarrillo@mclaughlin.biz|358-26-1491|KRA 595
P_400|provider|Sylvia|Barnes|1960-02-19|johnsonchristopher@blake.com|670-51-7247|77-50190
P_401|provider|Nathan|Sullivan|1968-03-02|ehoward@ayers-perez.com|256-45-8179|803 BS3
P_402|provider|Vicki|Hale|1959-10-01|krista85@young.com|434-26-1941|3A X8468
P_403|provider|Jacob|Walker|1991-11-12|calderonsusan@le.com|454-74-6249|YY3 T6V
P_404|provider|Richard|Bell|1969-02-07|melanie54@lewis.com|470-50-8481|F10-GIE
P_405|provider|Daniel|Walker|1940-02-13|knappkristin@walters.com|321-43-5487|99GU598
P_406|provider|Mr.|Thomas|1991-10-21|kmorgan@melton-yang.net|641-19-1580|610 OIB
P_407|provider|Gregory|Ruiz|1997-01-11|armstrongsara@turner.net|001-38-6592|572-AYR
P_408|provider|Justin|Cameron|2000-03-25|burnettbrandon@hurst.info|066-83-8694|6-B9697
P_409|provider|Katherine|Wise|1995-05-28|mcculloughsarah@mcdaniel-myers.info|656-72-0714|20SL0
P_410|provider|Stephen|Morales|1975-01-04|ntrujillo@barnes.com|312-73-6891|838-EWT
P_411|provider|Cynthia|Davis|1980-10-16|aprilrodriguez@reeves.com|051-88-4803|GDF 351
P_412|provider|Pamela|Roberts|1939-01-16|rebecca58@gonzalez.org|055-82-2129|NRB Q92
P_413|provider|James|Taylor|1996-09-29|williamstout@bradford.info|855-06-8989|3B C2043
P_414|provider|Angela|Gilmore|1933-05-25|joshua49@mckinney.com|002-55-1772|XWS-114
P_415|provider|Ryan|Hughes|1947-01-28|nfletcher@anderson.com|405-03-5985|3HKT276
P_416|provider|Jennifer|Brady|1985-10-19|cwise@price.net|792-10-5803|GRY-0767
P_417|provider|Chad|Gomez|1969-03-21|pmckenzie@jimenez.biz|227-75-2701|57G•106
P_418|provider|Lisa|Cooper|1978-09-22|harrisdennis@walker.com|303-33-2605|ETB2465
P_419|provider|Amber|Hudson|1985-09-19|sarah23@mcconnell.com|576-77-3455|8EZ F70
P_420|provider|Bruce|Kent|1954-10-22|isingh@williams.com|660-85-0142|AED-9554
P_421|provider|Robert|Alvarez|1987-12-08|taylor73@shelton-lang.com|675-50-3461|SQL-0716
P_422|provider|Eric|Powell|1940-12-30|emoore@brooks.info|129-94-8504|126-EBX
P_423|provider|Cynthia|Taylor|1942-06-23|qhiggins@woods.biz|145-24-2842|PLE-687
P_424|provider|Wendy|Gonzales|1997-08-24|colenicholas@hill.info|634-23-4790|67H D75
P_425|provider|Erica|Spencer|1934-07-24|james24@stevenson-dickerson.com|586-11-4233|F24 2DI
P_426|provider|Claire|Sweeney|1992-07-20|randy35@walker-rodriguez.com|811-80-9010|28Z 224
P_427|provider|Jared|Perez|1971-02-18|anneguerrero@young-kim.com|843-30-2366|DZT-714
P_428|provider|Mary|Owens|1931-06-26|jose55@thomas-barron.net|679-83-6455|70-PI46
P_429|provider|Ashley|Wheeler|2000-10-15|zclark@simmons-smith.com|608-55-7374|MGW-203
P_430|provider|Julie|Parker|1965-05-14|jjones@clay-santiago.com|665-15-3815|349 EPE
P_431|provider|Allison|Myers|1988-12-04|jacksonchad@avila-moore.com|048-82-0443|82-15671
P_432|provider|Jacob|Flynn|1979-12-22|humphreybrittany@nielsen.org|046-32-7342|YKI-7068
P_433|provider|Jack|Smith|1978-05-26|opowers@smith.com|850-69-6904|WMB1531
P_434|provider|Marisa|Hudson|1980-08-25|amanda20@thompson-vang.com|858-36-8216|ZVF 102
P_435|provider|Evan|Perkins|1941-03-24|wagnersophia@gray.com|340-65-2667|X46 3MQ
P_436|provider|Jennifer|Thomas|1941-02-06|xjenkins@morrison.org|672-67-3414|ZXO 328
P_437|provider|Katie|Berry|1944-03-04|pjohnson@phillips.net|145-60-0098|419 SDB
P_438|provider|Jennifer|Strong|1949-10-27|david76@barker.com|867-85-9487|1-42650
P_439|provider|Erika|Smith|2000-05-10|ejohnson@kelly.com|250-15-0237|811OCP
P_440|provider|Richard|Taylor|1947-12-15|melissa58@steele.com|451-70-0106|I22-04N
P_441|provider|Joshua|Hunt|1984-03-02|nathaniel32@nelson.net|275-06-5284|363 KTU
P_442|provider|Samantha|Murphy|1938-09-03|uarellano@jackson.org|797-89-8662|SJ2 8888
P_443|provider|Lori|Smith|1932-11-25|amandacarney@campos.com|444-03-8362|6IU G21
P_444|provider|Paul|Woods|1959-01-23|itravis@brown.com|184-48-0547|TAI-2299
P_445|provider|David|Moore|1950-09-08|laurencampbell@mckinney-newman.org|371-35-1321|682 OHL
P_446|provider|Jennifer|Murphy|1953-08-27|kyle03@roy-dillon.net|182-78-1271|F77 2RY
P_447|provider|Michael|Kerr|1950-03-21|fcolon@williams.com|853-77-8013|0136
P_448|provider|Sonya|Perez|1935-05-05|hollylivingston@mullins.com|668-63-9730|8546
P_449|provider|Sean|Spears|1979-10-16|fhughes@thomas-brown.com|199-90-9185|F15 0MO
P_450|provider|Alexis|Green|1992-01-13|ctaylor@huber-olson.com|609-54-7685|206-560
P_451|provider|Michele|Hunt|1990-01-31|jeffery11@sanchez.net|008-74-2386|0Z DT941
P_452|provider|Shane|Wong|1983-12-31|ramirezjessica@williams.com|121-40-1318|G 707928
P_453|provider|Jill|Stewart|1967-07-29|juanweaver@mendez.info|386-71-8191|3IEH078
P_454|provider|James|Larson|1959-07-30|james47@blake.com|657-79-5910|644 8707
P_455|provider|Carrie|Anderson|1989-08-30|webbedward@bennett-wu.com|089-92-3122|7OZ B44
P_456|provider|Todd|Lawrence|1992-05-30|jocelyn01@holt.biz|266-55-5219|8G 32704
P_457|provider|Sharon|Porter|1955-07-29|davispaul@flores.com|073-74-7770|XZD-7781
P_458|provider|Anita|Davis|1968-09-24|bcook@hughes.org|029-94-0475|1L 0T3SJS
P_459|provider|Lauren|Smith|1958-12-05|guybush@flores.net|169-83-9809|98X 7578
P_460|provider|John|Mcmillan|1995-04-06|heathermyers@baker.net|339-01-4269|3RO67
P_461|provider|Karen|Gutierrez|1968-09-13|jonathan05@casey.com|884-92-6244|495 DZB
P_462|provider|Cynthia|Mccarty|1990-03-06|tracey80@sutton.biz|383-02-2836|EAZ 434
P_463|provider|Matthew|Pratt|1936-12-05|briandavidson@callahan-aguirre.com|165-53-3624|O24 9ON
P_464|provider|Ernest|Hanson|1957-09-21|thorntondavid@nelson.com|803-35-6837|WSA-595
P_465|provider|Kristen|Ramirez|1938-02-23|natasha84@bowers-liu.org|279-33-0232|288UR
P_466|provider|George|Cohen|1991-02-09|toddschmitt@jimenez.org|722-80-7946|263SEJ
P_467|provider|Jose|Mullen|1993-07-09|waltertorres@baker.org|546-78-9386|ZQQ 373
P_468|provider|Nicole|Vargas|1975-08-09|brownmegan@watson.info|658-97-2239|8J774
P_469|provider|Zachary|Davis|1946-06-16|bateskathleen@beard.com|230-12-3219|3B D9693
P_470|provider|Taylor|Steele|1977-12-13|tonilewis@reese.com|891-71-4489|0VA Z69
P_471|provider|Daniel|Marshall|1963-01-09|melissaflores@obrien.com|570-38-7137|232-BNS
P_472|provider|Jose|Martin|1973-01-29|cindy75@coffey.net|882-90-7327|598 QOG
P_473|provider|Rebecca|Walker|1968-07-31|lesliefarmer@hudson-adams.com|765-17-8673|204-NBN
P_474|provider|Ricardo|Jones|1968-10-06|kaylathomas@cook.info|674-19-6010|8P J6093
P_475|provider|Spencer|Krueger|1934-08-10|walkerelizabeth@lopez-powell.com|393-22-2568|42X P42
P_476|provider|Lindsay|Snow|1943-11-13|lawrence97@bradshaw-nguyen.org|620-38-1741|L10-BRF
P_477|provider|Jennifer|Montoya|1931-12-11|kelleyerin@russell-gibson.org|320-15-7420|31D V41
P_478|provider|Don|Lewis|1991-11-19|pgriffith@espinoza.net|040-17-6207|FNG-1496
P_479|provider|David|Ellis|1978-05-12|saraglenn@hays-white.net|590-18-8043|0VSI173
P_480|provider|Valerie|Davis|1943-09-28|eperez@joseph.net|124-10-4823|627P
P_481|provider|Kevin|Summers|1937-08-04|jessicahardy@gilmore.org|661-21-7546|7-47507H
P_482|provider|Antonio|Jackson|1994-02-24|howellkevin@goodwin.com|239-91-8161|KLT-189
P_483|provider|Brian|Gilbert|1955-09-13|jenniferhernandez@taylor-ramos.biz|596-81-7934|FVE-357
P_484|provider|Amy|Dennis|1991-03-27|shawn13@smith.com|808-53-9790|FJE-717
P_485|provider|Pamela|Brown|1948-10-25|lgonzalez@evans-baker.org|074-20-5073|7-11991R
P_486|provider|Jennifer|Pitts|1943-01-19|ericmcconnell@harvey-johnson.com|570-56-6245|Y09 2LE
P_487|provider|Christina|Wood|1997-12-03|ryangilbert@lane-mullen.com|406-32-5527|1D 64716
P_488|provider|Chelsea|Burke|1949-03-23|terri88@lewis-sanders.com|058-92-6628|0XY 619
P_489|provider|Anthony|Taylor|1954-12-10|sanchezkeith@walker.com|008-68-2859|LFT2890
P_490|provider|Karen|Williams|1991-04-21|zholland@bennett.org|492-89-0807|2RR 187
P_491|provider|Valerie|Miller|1934-10-12|brenda17@scott-anderson.net|384-28-1201|TOK3103
P_492|provider|Lauren|Wolfe|1969-11-01|lking@johnson.com|496-30-4126|9IKB179
P_493|provider|Sarah|Mcintyre|1976-04-16|farleyaudrey@stevens.net|525-01-9662|0LZI361
P_494|provider|Heather|Perry|1974-01-14|mjohnson@gillespie.info|481-09-8053|OW7 J5G
P_495|provider|Colleen|Salas|1966-05-26|jblack@mccarthy-acevedo.com|880-53-9610|0T 2782F
P_496|provider|Anne|Flores|1960-05-02|fcordova@byrd.org|247-76-1445|AJT 537
P_497|provider|Scott|Green|1997-01-18|riggsmaria@luna.info|353-47-7409|UYB-5186
P_498|provider|Savannah|Rice|1957-07-06|lspencer@harris.com|387-44-3811|052 OPN
P_499|provider|Calvin|Daniels|1937-08-24|wayne08@smith-dougherty.net|221-61-2299|9QW05
