ID|LABEL|CITY|COUNTRY|POSTALCODE_PLUS4|STATE_ABBR|STREET_ADDRESS
PL_0|provider_location|Walkerville|USA|63373-8527|CT|1236 Schmidt Forks Suite 953
PL_1|provider_location|Lake Dustin|USA|00550-2718|MS|9451 Davis Fall Suite 531
PL_2|provider_location|Howardville|USA|43523-0652|CT|66318 Megan Row Suite 326
PL_3|provider_location|Brandonstad|USA|68721-8080|ND|8171 Gary Square
PL_4|provider_location|Oliverton|USA|04767-0832|NJ|6510 Scott Cliff
PL_5|provider_location|Jasonfort|USA|29338-1872|ME|625 Tonya Vista Apt. 891
PL_6|provider_location|Olsonburgh|USA|76782-1597|TN|98761 Gary Forest Suite 112
PL_7|provider_location|Morganview|USA|94276-0354|HI|91292 Tracy Fort
PL_8|provider_location|West Ryanmouth|USA|58346-4611|RI|7787 Mueller Trace
PL_9|provider_location|Thorntonbury|USA|06330-4863|VT|07658 Jennifer Streets
PL_10|provider_location|Teresamouth|USA|95057-6095|OK|8856 Martinez Crescent
PL_11|provider_location|Port Rebeccaberg|USA|72575-9910|CT|2673 James Dam
PL_12|provider_location|Lopeztown|USA|99458-4112|MA|8226 Charles Lake
PL_13|provider_location|New Anthony|USA|00703-2375|AL|98250 Hicks Highway Apt. 095
PL_14|provider_location|Wendyborough|USA|68697-6056|CA|76195 Sylvia Turnpike
PL_15|provider_location|West Roseland|USA|24382-7417|NE|7067 Brown Spring
PL_16|provider_location|Christophertown|USA|70481-6215|AZ|90121 Porter Stravenue
PL_17|provider_location|East Shellyshire|USA|45877-7432|AZ|05805 Karen Mall
PL_18|provider_location|Smithburgh|USA|70060-7077|UT|5753 Reyes Terrace
PL_19|provider_location|Phillipsburgh|USA|05316-7757|RI|95272 Perez Lake Suite 306
PL_20|provider_location|East Chad|USA|17033-7529|LA|6671 Irwin Ways
PL_21|provider_location|Pattersonview|USA|85430-0880|AL|234 Terry Springs
PL_22|provider_location|Port Luis|USA|67342-7761|DE|29314 Baker River
PL_23|provider_location|Lake Teresa|USA|72588-1251|CT|0231 Lopez Vista Suite 210
PL_24|provider_location|Lake Danielle|USA|48185-1638|NY|9671 Nancy Cove Apt. 382
PL_25|provider_location|East Stevenberg|USA|59688-6193|NM|862 Debbie Pines
PL_26|provider_location|North Melissabury|USA|79771-2315|CA|3017 Brandon Groves
PL_27|provider_location|Charleschester|USA|91958-9164|WY|20437 Stacy Ferry
PL_28|provider_location|South Michelle|USA|74749-2263|VA|183 Hill Road
PL_29|provider_location|East Danielleshire|USA|80256-7501|SD|62075 Klein Branch
PL_30|provider_location|Boyerberg|USA|45301-1710|IL|52389 Russell Radial Suite 509
PL_31|provider_location|Madelineland|USA|88593-4052|UT|785 James Orchard Apt. 602
PL_32|provider_location|South Kevinmouth|USA|51800-3298|WA|20680 Richard Land
PL_33|provider_location|Martinberg|USA|23364-6677|WV|78175 Megan Alley Apt. 447
PL_34|provider_location|Jefferymouth|USA|88479-4203|ME|262 Harrington Divide Suite 655
PL_35|provider_location|Port Tracy|USA|70587-8509|OH|6349 Hess Ports Apt. 851
PL_36|provider_location|East Caroltown|USA|21931-9867|SD|0347 Padilla Ports
PL_37|provider_location|West Andrewtown|USA|62949-0152|TN|2569 Howard Port
PL_38|provider_location|Woodsshire|USA|97046-0795|NJ|680 Laura Plaza
PL_39|provider_location|Lake Phillip|USA|88725-8672|SD|645 Denise Rapid Suite 658
PL_40|provider_location|North Samuel|USA|21261-0058|NY|739 Morales Common Apt. 280
PL_41|provider_location|East Crystaltown|USA|90900-9064|WV|4388 Fowler Plains
PL_42|provider_location|Stephenbury|USA|62442-9397|LA|283 Martinez Stravenue
PL_43|provider_location|Chadfurt|USA|54676-0250|WA|246 Michelle Overpass Apt. 075
PL_44|provider_location|West Michelle|USA|16101-3024|KY|1221 Austin Parks
PL_45|provider_location|West Nancy|USA|03124-0560|MT|01055 Bridges Gardens Suite 867
PL_46|provider_location|Nataliefurt|USA|45787-7915|IA|85938 Grant Station Suite 114
PL_47|provider_location|Ewingberg|USA|43542-6300|IL|38342 Jill Road
PL_48|provider_location|Port Heather|USA|74901-9786|AR|873 Ward Overpass
PL_49|provider_location|North Anna|USA|43923-0591|DC|8345 Lee Heights Apt. 609
PL_50|provider_location|Drakehaven|USA|95377-6728|SC|2745 Baker Key Suite 792
PL_51|provider_location|Howardville|USA|93056-7634|SD|619 Crystal River Suite 374
PL_52|provider_location|Sarahshire|USA|87883-3462|MT|90029 April Groves
PL_53|provider_location|South Adam|USA|32469-6430|PA|76073 William Track
PL_54|provider_location|Ericland|USA|90464-9431|CA|74370 Shane Trace
PL_55|provider_location|East Julia|USA|61902-0263|WV|34692 Jerry Forges Suite 787
PL_56|provider_location|North Cherylton|USA|86678-4972|SD|20825 Robert Gardens
PL_57|provider_location|West Diane|USA|43601-4030|NM|4914 Kristen Cape Apt. 466
PL_58|provider_location|East Johnland|USA|22121-3677|OR|0937 Christopher Cove Suite 208
PL_59|provider_location|Williamsfort|USA|08395-7440|NY|713 Lydia Falls Suite 429
PL_60|provider_location|Chaseport|USA|04700-3345|NV|05265 Williams Knoll
PL_61|provider_location|Daleborough|USA|85499-4880|CO|3317 Alyssa Glen Apt. 196
PL_62|provider_location|Port April|USA|17859-5569|UT|453 Mary Run Suite 160
PL_63|provider_location|New Bridget|USA|93262-5797|AZ|899 Torres Rapid Suite 838
PL_64|provider_location|Tuckerport|USA|65813-5054|CA|156 Smith Skyway
PL_65|provider_location|Angelahaven|USA|08959-7935|CA|1373 Douglas Station
PL_66|provider_location|South Jeffreyview|USA|83317-6672|AZ|7183 Williams Mount Apt. 272
PL_67|provider_location|Crystalview|USA|53206-4211|IA|986 Turner Tunnel Apt. 202
PL_68|provider_location|East Corey|USA|29185-4036|OH|8009 Brown Mill Apt. 608
PL_69|provider_location|North Susan|USA|31453-7011|ND|61590 Sarah Ports
PL_70|provider_location|East Michael|USA|78419-7846|GA|676 Angela Inlet
PL_71|provider_location|Port Kevin|USA|66750-8801|NJ|1409 White Pass
PL_72|provider_location|Lake Garyland|USA|66684-8197|FL|301 Gibson Hill
PL_73|provider_location|Chelseaborough|USA|47788-9327|AZ|269 Bartlett Green
PL_74|provider_location|Jessicashire|USA|17337-4102|NH|68585 Anthony Flats
PL_75|provider_location|Elizabethstad|USA|59087-9100|WA|8255 Haynes Row Suite 459
PL_76|provider_location|Patrickhaven|USA|88598-1086|DE|03400 Elizabeth Bypass
PL_77|provider_location|Carpenterport|USA|89023-3151|WA|50322 Wyatt Extension
PL_78|provider_location|Russoview|USA|73684-8829|MI|50082 Berg Shoal
PL_79|provider_location|West Cherylbury|USA|39764-5128|FL|09735 Adam Greens Suite 875
PL_80|provider_location|Stephanieport|USA|79029-5812|MN|2763 Dixon Plaza Suite 121
PL_81|provider_location|East Mallory|USA|84020-5644|UT|1796 Smith Rue Suite 100
PL_82|provider_location|North Richardfurt|USA|66794-2613|VT|6962 Nancy Light
PL_83|provider_location|West Robert|USA|54824-7226|ID|75422 Nicholas Canyon Apt. 201
PL_84|provider_location|Carolfurt|USA|07560-4117|ME|29459 Lopez Landing
PL_85|provider_location|South Danielle|USA|32133-8216|SD|59144 Samantha Squares Apt. 456
PL_86|provider_location|Port Bryan|USA|38206-1364|NH|22058 Christine Passage Apt. 049
PL_87|provider_location|Stephanieton|USA|43839-7011|NC|886 Jennifer Turnpike
PL_88|provider_location|Zavalamouth|USA|72814-9021|IN|577 Christina Fields
PL_89|provider_location|North Zacharyside|USA|32025-4961|ID|0568 Holloway Orchard Apt. 267
PL_90|provider_location|Stronghaven|USA|94174-3714|IL|469 Amanda Isle
PL_91|provider_location|Port Crystal|USA|13150-9582|KY|8549 Ross Square Suite 406
PL_92|provider_location|New Rebecca|USA|23443-5357|MS|9134 Jennifer Green Suite 884
PL_93|provider_location|Port Jamie|USA|41772-3788|TN|1370 Lori Stravenue Apt. 329
PL_94|provider_location|Lake Nicole|USA|13379-7830|ND|05369 Taylor Drive
PL_95|provider_location|West Edward|USA|85778-6609|TX|92430 April Summit
PL_96|provider_location|Lake Danaview|USA|97598-2613|FL|732 Rick Run Apt. 660
PL_97|provider_location|Port Gary|USA|67602-5947|HI|6604 Lance Cliff Suite 031
PL_98|provider_location|Nelsonbury|USA|79158-9437|MN|58985 Angela Island Suite 576
PL_99|provider_location|Josephton|USA|82437-2075|NE|85611 Emily Center
PL_100|provider_location|Port Daniel|USA|88173-2115|HI|873 Green Court Suite 812
PL_101|provider_location|Port Katie|USA|88680-6275|HI|19498 Michael Loaf
PL_102|provider_location|Ashleyport|USA|05346-6855|MD|7500 Grant Plaza Apt. 744
PL_103|provider_location|North Michael|USA|02129-1754|KS|63034 Emily Plain
PL_104|provider_location|Katiemouth|USA|72377-0144|LA|0470 Christopher Plaza
PL_105|provider_location|Lake Brian|USA|32235-9809|NM|4122 Michaela Row
PL_106|provider_location|Port Derekton|USA|33717-9199|OK|628 Murray Light
PL_107|provider_location|Burgessstad|USA|44691-8516|NY|13573 Reid Lock Suite 908
PL_108|provider_location|Holmeston|USA|72235-2322|VT|67811 Sanchez Harbors Apt. 862
PL_109|provider_location|Lake Susanbury|USA|90673-5084|SD|8281 Shane Freeway
PL_110|provider_location|West Samanthamouth|USA|60537-2306|AR|24106 Cody Curve
PL_111|provider_location|Stephanieland|USA|61390-8399|MS|812 Brendan Causeway Apt. 491
PL_112|provider_location|South Zacharymouth|USA|49787-9377|AZ|430 Vang Branch
PL_113|provider_location|Corteztown|USA|13348-4291|CT|06822 Michael Fort Apt. 034
PL_114|provider_location|Lisafort|USA|72062-2886|NH|911 Evans Estates
PL_115|provider_location|Lake Veronicabury|USA|68791-9643|MT|72097 Alexander Court Apt. 580
PL_116|provider_location|North Jason|USA|79513-1168|NY|0221 Nelson Terrace Suite 032
PL_117|provider_location|North Amandachester|USA|72789-6377|NV|20495 Martinez Heights
PL_118|provider_location|Lauraport|USA|91885-3152|MN|576 Wood Shores Suite 657
PL_119|provider_location|Bowerschester|USA|76566-3747|SC|376 Cody Plaza
PL_120|provider_location|North Dawn|USA|99105-7680|NJ|38640 Ray Union Apt. 700
PL_121|provider_location|South Hannah|USA|35077-2263|VA|208 Perez Harbors Apt. 845
PL_122|provider_location|East Cathyton|USA|38507-0730|SC|98118 Stephanie Track Suite 578
PL_123|provider_location|New Markbury|USA|76084-6893|NY|8070 Manning Parkways
PL_124|provider_location|Port Spencermouth|USA|45342-8137|GA|0954 Holmes Mountain Apt. 128
PL_125|provider_location|Laneside|USA|44914-8964|MA|79847 Paige Harbors Apt. 578
PL_126|provider_location|North Ian|USA|70403-7855|CO|7996 Beck Ports Suite 734
PL_127|provider_location|Johnsonburgh|USA|99240-9619|WA|7651 Curtis Bypass Suite 950
PL_128|provider_location|Port Melissa|USA|89225-0573|NE|166 Dalton Passage
PL_129|provider_location|West Laurenfort|USA|28218-1986|HI|51095 Lyons Wells
PL_130|provider_location|Lake James|USA|22338-2745|FL|399 Chung Cliffs
PL_131|provider_location|North Isaiah|USA|53188-9586|MT|1321 Aaron Ports Suite 553
PL_132|provider_location|Martinview|USA|81751-1193|WI|316 Love Orchard
PL_133|provider_location|New George|USA|67647-4743|OH|7072 Thompson Track
PL_134|provider_location|Lake Susan|USA|23991-6419|MO|97876 Scott Locks Suite 138
PL_135|provider_location|Glenside|USA|27193-0025|TX|07972 Elizabeth Bypass Suite 305
PL_136|provider_location|Haroldshire|USA|35675-3679|DC|5484 Valenzuela Knolls Suite 300
PL_137|provider_location|South Hectorhaven|USA|61002-7135|CT|37250 Johnson Union Suite 951
PL_138|provider_location|Mosesshire|USA|73530-7081|WI|30555 Richardson Fork Suite 556
PL_139|provider_location|Wendyport|USA|85487-0621|VA|663 Angel Field Suite 496
PL_140|provider_location|East Andrew|USA|43565-6604|MI|311 Elizabeth Point
PL_141|provider_location|Robertsshire|USA|97790-5424|NY|5667 Carr Passage Apt. 514
PL_142|provider_location|West Johnport|USA|91176-8807|UT|2007 Jones Centers Suite 064
PL_143|provider_location|Charlesfort|USA|32699-5158|MO|6080 Natalie Rapid Suite 746
PL_144|provider_location|Lake Ericside|USA|49433-3272|AL|7750 Moyer Parkways
PL_145|provider_location|Ruizmouth|USA|24825-4285|WV|567 Hardy Branch Apt. 761
PL_146|provider_location|Rachelborough|USA|53528-1743|TN|58982 Hansen Mill
PL_147|provider_location|South Makayla|USA|50809-5244|MO|75821 Anne Unions
PL_148|provider_location|Garciabury|USA|67490-8868|MS|980 Holmes Stream
PL_149|provider_location|East Jasonfurt|USA|83900-9445|NH|19053 Rebecca Avenue Apt. 452
PL_150|provider_location|Ryanchester|USA|91364-7803|ME|0124 Burch Prairie Apt. 202
PL_151|provider_location|Adamchester|USA|53642-7970|CT|75943 Hunt Viaduct
PL_152|provider_location|North Christopher|USA|07868-5850|LA|338 Hernandez Knoll
PL_153|provider_location|East Patricia|USA|14343-9031|MN|75196 Carlson Squares
PL_154|provider_location|South Annamouth|USA|99762-7551|TN|04971 Vargas Ports Apt. 886
PL_155|provider_location|North Michael|USA|34404-8613|HI|986 Reynolds Bridge Apt. 633
PL_156|provider_location|Clarktown|USA|65500-0674|IL|358 Clayton Ford Apt. 054
PL_157|provider_location|Joshuabury|USA|81780-5508|TN|8555 Scott Mission
PL_158|provider_location|Port Jeffery|USA|22734-4170|IL|319 Turner Summit Suite 193
PL_159|provider_location|Port Brittneyville|USA|61317-4286|MA|68517 Morales Stravenue
PL_160|provider_location|Hendersonport|USA|34756-9444|ID|519 Moore Stravenue Apt. 985
PL_161|provider_location|East Warren|USA|24888-9945|IL|4188 Leon Vista
PL_162|provider_location|Amyland|USA|68044-4751|SC|40747 Anderson Streets Apt. 705
PL_163|provider_location|East Margaretside|USA|78856-2312|NC|0423 Jennifer Islands
PL_164|provider_location|Richtown|USA|17469-5047|CA|18921 Gibbs Estates Apt. 338
PL_165|provider_location|East Steventon|USA|41793-4015|CT|1102 Suarez Mountain Apt. 221
PL_166|provider_location|New Jennifer|USA|19714-3868|ME|18888 Ryan Ways Apt. 258
PL_167|provider_location|New Travisport|USA|17685-7928|KS|44391 Morris Lane Suite 937
PL_168|provider_location|Katelynmouth|USA|28091-4132|GA|99897 Sparks Glen
PL_169|provider_location|West Maria|USA|20861-4012|NM|33802 William Lodge
PL_170|provider_location|Cherylstad|USA|48326-8500|OH|2734 White Trail
PL_171|provider_location|Stevenshaven|USA|88397-6738|MI|1190 Miller Square Apt. 989
PL_172|provider_location|Christinestad|USA|99620-3242|IA|71172 Philip Trail
PL_173|provider_location|Shirleyfurt|USA|31894-8346|NM|6255 Emma Ford Apt. 121
PL_174|provider_location|Davidfurt|USA|58428-6322|MD|939 Coffey Bridge
PL_175|provider_location|Edwardside|USA|56687-6113|KS|8610 Sarah Freeway Apt. 125
PL_176|provider_location|Amyside|USA|89694-6974|OK|59825 Christensen Hill Apt. 135
PL_177|provider_location|Johnsonville|USA|46784-9993|SC|5777 Morrison Flat Suite 900
PL_178|provider_location|Kaylatown|USA|94413-7117|TN|83952 Ochoa Meadow Apt. 385
PL_179|provider_location|North Jamie|USA|92243-2879|TX|903 Drake Oval
PL_180|provider_location|Lake Billyton|USA|44106-8526|IL|5245 David Extension
PL_181|provider_location|New Zachary|USA|36883-2780|LA|9353 Orr Shore Apt. 092
PL_182|provider_location|North Timothy|USA|26074-3326|WV|10453 Mason Ways Suite 832
PL_183|provider_location|West Alexisview|USA|90894-9002|AK|44196 Chase Glens Apt. 813
PL_184|provider_location|Aguilarbury|USA|53751-0207|LA|9073 Eric Circles Apt. 868
PL_185|provider_location|Ryanburgh|USA|73670-6441|AL|9805 Bolton Village Apt. 797
PL_186|provider_location|West Christina|USA|80523-3927|KS|8893 Anderson Fort
PL_187|provider_location|Patrickshire|USA|41277-5326|RI|322 Perez Park
PL_188|provider_location|Lake Traci|USA|74017-1086|KS|161 Adams Plain Suite 392
PL_189|provider_location|Christophertown|USA|78657-2946|OH|01628 Hall Plaza Apt. 516
PL_190|provider_location|Toddhaven|USA|31214-0796|MT|14481 Damon Rest
PL_191|provider_location|Lake Shelly|USA|88839-5217|VA|267 Gina Branch
PL_192|provider_location|Bradshawland|USA|38172-5492|MO|024 Diamond Ramp Apt. 502
PL_193|provider_location|Port Josechester|USA|54231-1283|CO|157 Linda Drives
PL_194|provider_location|Jesseview|USA|69824-9116|CA|34996 Cabrera Port
PL_195|provider_location|West Donald|USA|80967-0513|MD|59163 Wallace Course Suite 983
PL_196|provider_location|Christopherville|USA|22632-1272|AK|1933 Lisa Crossing Suite 456
PL_197|provider_location|Krystalborough|USA|24522-2371|IA|25961 Mcclure Heights
PL_198|provider_location|Lake Jamesside|USA|27755-3706|DC|328 Katelyn Glen Apt. 883
PL_199|provider_location|Pearsonshire|USA|62813-9646|DE|687 Vasquez Terrace
PL_200|provider_location|South Richard|USA|03035-3668|TN|4350 Rachael Mission
PL_201|provider_location|Davisburgh|USA|27193-0663|KY|1742 Smith Lodge Apt. 461
PL_202|provider_location|North Briantown|USA|14426-4499|OH|627 White Union
PL_203|provider_location|Brownport|USA|42494-8333|SD|3932 Ramos Walk
PL_204|provider_location|North Larry|USA|86951-1499|DC|7061 Nelson Viaduct Suite 846
PL_205|provider_location|Alvarezborough|USA|39275-1924|MD|322 White Course
PL_206|provider_location|Port Johnton|USA|73514-2974|MA|353 Harvey Pines
PL_207|provider_location|Virginiatown|USA|91139-7901|MT|720 Sharon Forges
PL_208|provider_location|East Kellytown|USA|65710-2685|MA|659 Brewer Haven
PL_209|provider_location|East Brittany|USA|83399-3036|MS|45640 Moore Views
PL_210|provider_location|Julianshire|USA|31232-4677|WV|2239 Miller Greens Apt. 549
PL_211|provider_location|Tamaramouth|USA|54152-1357|OK|70989 Michael Island Suite 611
PL_212|provider_location|Danielfurt|USA|70384-2516|NH|82261 Barry Lake
PL_213|provider_location|Lake Luisborough|USA|96081-0621|OR|0417 Vincent Lodge Apt. 762
PL_214|provider_location|South James|USA|24187-1056|DC|13144 Julie Landing
PL_215|provider_location|Lisaview|USA|11593-3450|DC|923 Stephanie Pine Suite 504
PL_216|provider_location|Port Richardmouth|USA|79828-6708|MD|0047 Hudson Stravenue
PL_217|provider_location|New Melissashire|USA|13362-0317|NC|3607 Christina Knoll Suite 239
PL_218|provider_location|Lake Vanessa|USA|80788-7261|OR|8094 Courtney Curve
PL_219|provider_location|South Ricardoview|USA|02809-6959|NE|545 Lee Estates
PL_220|provider_location|Jessicahaven|USA|30723-7238|NC|6712 Daniel Springs Apt. 542
PL_221|provider_location|Riddletown|USA|37114-4471|MT|54128 Bryan Land
PL_222|provider_location|Michaelside|USA|97784-4378|IA|3251 Travis Brooks
PL_223|provider_location|Christianmouth|USA|78290-4152|NE|43201 Teresa Port
PL_224|provider_location|West Andrew|USA|23208-7578|MA|576 Thompson Track
PL_225|provider_location|South Brianton|USA|18065-5642|MS|27546 Sanchez Drives Apt. 471
PL_226|provider_location|East Candice|USA|38724-8368|AK|80357 Jackson Canyon Apt. 771
PL_227|provider_location|Wilsonport|USA|51408-6647|OK|12437 Anthony Street
PL_228|provider_location|East Dustin|USA|13146-3880|DE|491 Miller Terrace Apt. 622
PL_229|provider_location|North Jennifer|USA|43316-7308|NH|2320 Lewis Lock
PL_230|provider_location|South Francisco|USA|82293-3523|UT|84191 Lee Key Apt. 462
PL_231|provider_location|Port Jessica|USA|59577-4349|HI|96973 Evan Camp Apt. 906
PL_232|provider_location|Jessicatown|USA|61107-4586|DC|33404 Stephanie Well Apt. 921
PL_233|provider_location|North Jason|USA|18639-3327|FL|1772 Lauren Spurs Suite 936
PL_234|provider_location|Smithmouth|USA|11656-5238|IL|0925 Elizabeth Corners
PL_235|provider_location|West Colinbury|USA|77882-8012|IA|0060 Cindy Lane Apt. 186
PL_236|provider_location|Port Tiffanyfort|USA|55341-4819|MT|2311 Hunt Valley
PL_237|provider_location|Amandafort|USA|43500-2853|MA|9210 Robinson Junctions Apt. 078
PL_238|provider_location|West Jocelyn|USA|17794-8423|MT|64391 Evelyn Point Suite 138
PL_239|provider_location|North Andrew|USA|39517-6654|WY|07788 Alexandra Mountains Apt. 191
PL_240|provider_location|Holmesview|USA|52162-0171|CO|54820 Jones Overpass
PL_241|provider_location|Michaelport|USA|39634-3630|MS|2955 Dickerson Brook Apt. 782
PL_242|provider_location|Rayfurt|USA|14311-7592|CA|895 Allen Shoals Apt. 528
PL_243|provider_location|Richardbury|USA|27032-5289|TN|45360 Michael Meadow Suite 873
PL_244|provider_location|East Robert|USA|85882-0207|MD|865 Roberta Trace
PL_245|provider_location|Lake Seanhaven|USA|10944-4830|IL|674 Scott Burgs Apt. 833
PL_246|provider_location|Denisemouth|USA|52601-8521|UT|531 William Lodge
PL_247|provider_location|South Alexanderstad|USA|42289-6350|IN|42415 Martin Spring
PL_248|provider_location|Williambury|USA|00827-9425|MN|0902 Andrew Summit
PL_249|provider_location|West Elijahtown|USA|17310-8367|AL|87287 Anthony Ferry
PL_250|provider_location|Arthurbury|USA|40249-7316|VT|56292 William Hollow
PL_251|provider_location|Johnnyland|USA|07603-3703|VA|7045 Smith Ville Apt. 950
PL_252|provider_location|Brooksside|USA|82499-8924|SC|71368 Gordon Alley
PL_253|provider_location|New Brandon|USA|40888-2865|MD|2641 Hernandez Parkway Apt. 170
PL_254|provider_location|Thompsonburgh|USA|51302-2603|CO|812 Davis Club
PL_255|provider_location|Baileyberg|USA|94797-8460|NJ|00048 Darryl Highway Apt. 374
PL_256|provider_location|East Lisa|USA|70531-2070|MI|5380 Bailey Squares Apt. 404
PL_257|provider_location|New Mistyland|USA|87402-0287|AL|151 Paula Views
PL_258|provider_location|West Wesleyfurt|USA|18418-5243|DC|07974 John Lake Apt. 234
PL_259|provider_location|Port Charles|USA|94887-9304|SC|20784 Robert Circle
PL_260|provider_location|North Cindyburgh|USA|11963-1535|AK|063 Herrera Green Apt. 922
PL_261|provider_location|New Miranda|USA|59388-9280|LA|61629 Hoffman Tunnel Suite 794
PL_262|provider_location|Allisonville|USA|77306-4825|CO|1643 Parks Trail
PL_263|provider_location|Port Dianeburgh|USA|46999-0184|HI|390 Norman Oval Apt. 093
PL_264|provider_location|Lake Laurenborough|USA|75552-4343|IA|13826 Amy Drive Apt. 874
PL_265|provider_location|Lake Kelly|USA|53216-5533|NM|31097 Hall Neck Apt. 769
PL_266|provider_location|Davisbury|USA|64135-0833|MS|517 Long Lake
PL_267|provider_location|Jessicaview|USA|77652-6017|WV|406 Eddie Ridge
PL_268|provider_location|East Molly|USA|94594-9898|ND|53393 Chambers Estates
PL_269|provider_location|Port Lisaberg|USA|24529-9364|GA|66509 Thomas Summit
PL_270|provider_location|New Timothytown|USA|16287-9567|KS|302 Thomas Run
PL_271|provider_location|West Sherifort|USA|32468-3506|CA|04956 Ferguson Parks Apt. 495
PL_272|provider_location|Lake Christinaport|USA|51298-3107|AL|1646 Stein Ports Apt. 197
PL_273|provider_location|West Monica|USA|09850-5742|SD|657 Jonathan Route
PL_274|provider_location|Port Timothybury|USA|79184-3528|SD|1045 Harris Well Suite 397
PL_275|provider_location|Lake Emily|USA|28512-2182|MD|85588 Veronica Park Apt. 612
PL_276|provider_location|Smithshire|USA|94217-7534|MO|9165 Kathy Street Suite 556
PL_277|provider_location|Alicialand|USA|19156-3723|WV|77996 Timothy Divide
PL_278|provider_location|South Brandy|USA|44556-0610|NJ|67423 Meredith Knoll
PL_279|provider_location|New Christophershire|USA|55983-0313|IL|2964 Brown Highway
PL_280|provider_location|Ericastad|USA|68332-3704|CO|70991 Palmer Crossing Suite 300
PL_281|provider_location|Raymondshire|USA|19953-2659|CA|104 Debbie Trail Apt. 125
PL_282|provider_location|Jonesshire|USA|42940-2876|AK|3611 Graham Cliff Apt. 718
PL_283|provider_location|Lake Bradleybury|USA|93150-4271|AK|21057 Duran Plains Suite 781
PL_284|provider_location|East Cynthia|USA|28259-1529|AL|9925 Antonio Flats
PL_285|provider_location|Lake Traceyshire|USA|45346-3979|CT|35743 Rose Forest
PL_286|provider_location|South Jamie|USA|41712-8286|ME|92070 Daniel Trail
PL_287|provider_location|Briannamouth|USA|07264-3847|OK|059 Gonzalez View
PL_288|provider_location|Malloryfurt|USA|67348-7354|CO|12545 Wright Parkways
PL_289|provider_location|Jacksonfurt|USA|46332-8735|SC|146 Ortega Mission Suite 662
PL_290|provider_location|South Tyler|USA|36251-2120|UT|61369 Arias Run
PL_291|provider_location|Phillipshaven|USA|90329-3038|DC|9192 Buck Turnpike
PL_292|provider_location|Paulton|USA|13589-8271|CA|9120 Stephen Alley
PL_293|provider_location|West Patriciaside|USA|61940-8899|ME|461 Spencer Ways Apt. 100
PL_294|provider_location|North Richardport|USA|86327-9752|CT|49142 Carrie Drive Suite 149
PL_295|provider_location|Lake Kelly|USA|61390-8155|AR|512 Green Harbors Apt. 599
PL_296|provider_location|Danielberg|USA|97391-9305|GA|10933 Fernandez Expressway
PL_297|provider_location|Monicamouth|USA|96247-3384|OR|8772 Clinton Forest
PL_298|provider_location|New Sarah|USA|70538-2558|ID|534 Costa Harbor Apt. 069
PL_299|provider_location|Port Kristine|USA|52459-8022|WA|855 Pamela Lights Apt. 173
PL_300|provider_location|Richardstad|USA|39145-1955|MA|50289 Annette View
PL_301|provider_location|Justinborough|USA|83383-4801|ME|4199 Dawn Stravenue
PL_302|provider_location|Blevinsfort|USA|57242-2447|SD|3866 John Grove
PL_303|provider_location|West Derrick|USA|06343-7179|WV|4248 Gonzalez Plain Apt. 275
PL_304|provider_location|Amandashire|USA|94674-4596|PA|5635 Michael Shores Apt. 460
PL_305|provider_location|Jenniferton|USA|42509-0664|NM|6825 Griffith Centers
PL_306|provider_location|Kellyview|USA|70173-2550|TN|021 Susan Fort
PL_307|provider_location|East Josebury|USA|31546-6222|LA|0131 Williams Green Suite 614
PL_308|provider_location|Lake Denise|USA|22087-3408|WV|4857 Aaron Courts
PL_309|provider_location|Johnsonburgh|USA|33666-3988|WI|054 Melissa Mountain Apt. 616
PL_310|provider_location|Hendersonfurt|USA|95249-2502|WV|103 Leslie Port
PL_311|provider_location|East Maryhaven|USA|27541-3894|LA|5338 Sarah Mill Apt. 468
PL_312|provider_location|Michellehaven|USA|86180-0814|TN|218 Amy Field Apt. 714
PL_313|provider_location|Kaneton|USA|20426-1805|OK|264 Rocha Road Apt. 695
PL_314|provider_location|Myersfurt|USA|09544-5726|ID|4832 Johnson Mews
PL_315|provider_location|Lisamouth|USA|09501-1744|SC|042 Darryl Center Apt. 202
PL_316|provider_location|Boydchester|USA|62205-1668|NV|684 Jones Summit Suite 463
PL_317|provider_location|Kerrichester|USA|69607-6208|HI|2148 Hernandez Canyon
PL_318|provider_location|Richardsonhaven|USA|83683-2527|AL|475 Carter Port
PL_319|provider_location|Port Alexandrastad|USA|48443-4505|MD|839 Cobb Greens Suite 763
PL_320|provider_location|Stephenview|USA|54297-5589|LA|1757 Jennifer Key
PL_321|provider_location|Port Thomas|USA|06523-7402|OH|0950 Dawn Flats
PL_322|provider_location|Burgesschester|USA|36140-6256|WA|03288 Hancock Cliffs
PL_323|provider_location|Mathewfurt|USA|55864-1120|SD|2825 Barron Cliff
PL_324|provider_location|East Zacharymouth|USA|32219-4450|NJ|567 Martinez Freeway
PL_325|provider_location|Mendozaburgh|USA|95918-3557|IL|867 Robles Coves Apt. 839
PL_326|provider_location|North Rebeccaview|USA|79454-0483|MN|069 Hannah Inlet
PL_327|provider_location|East Nicholas|USA|03619-9374|NE|021 Garcia Corners Suite 866
PL_328|provider_location|Sheppardborough|USA|25667-5492|NV|3113 Daniels Mill Apt. 607
PL_329|provider_location|East Michaelhaven|USA|49098-3315|KS|33742 Taylor Well
PL_330|provider_location|Lisaborough|USA|98775-2375|WV|07654 William Expressway
PL_331|provider_location|Wardport|USA|86554-5847|SD|37163 Jason Brook Suite 418
PL_332|provider_location|Teresaberg|USA|48689-0943|IA|910 Laurie Gardens
PL_333|provider_location|Andersonside|USA|57915-0731|ID|5353 Terri Green
PL_334|provider_location|East Michele|USA|81672-7482|WA|3064 Escobar Forest Suite 321
PL_335|provider_location|Zacharystad|USA|81603-1894|OH|79081 Peterson Fork Suite 133
PL_336|provider_location|New Antoniostad|USA|81571-5245|CT|153 Myers Ramp
PL_337|provider_location|Lake Timothy|USA|12281-1519|DC|6441 Donna Tunnel
PL_338|provider_location|Mcfarlandmouth|USA|62330-0521|LA|877 Hill Lakes
PL_339|provider_location|Reyesview|USA|93369-7955|NM|165 Hamilton Prairie
PL_340|provider_location|East Kimberly|USA|73100-0961|NJ|253 Michael Land
PL_341|provider_location|Wandaview|USA|07617-4871|TX|283 Lane Mall
PL_342|provider_location|Lake Gracefort|USA|59094-5260|CA|149 Danielle Estate
PL_343|provider_location|Blairland|USA|99581-9197|CA|45438 Joseph Cape
PL_344|provider_location|North Julianville|USA|93418-3127|AL|94536 Goodwin Spring Apt. 214
PL_345|provider_location|Lake Brian|USA|82004-6801|PA|7452 Maria Rapids Apt. 787
PL_346|provider_location|Boothmouth|USA|23435-7475|OH|96596 Mcgee Mountains Suite 473
PL_347|provider_location|Watsonshire|USA|14750-9451|MN|2143 Butler Shoal Suite 029
PL_348|provider_location|Davidburgh|USA|34719-3897|MS|578 Hayes Place Suite 351
PL_349|provider_location|Port Kristyside|USA|42708-3152|IA|7075 Miranda Gardens Apt. 339
PL_350|provider_location|North Glenn|USA|33049-1465|WV|34306 Sherri Parks
PL_351|provider_location|West Dorisview|USA|45612-6939|NV|49135 Underwood Springs
PL_352|provider_location|West Michaelhaven|USA|32081-7631|PA|46384 Jonathan Motorway Suite 791
PL_353|provider_location|Port Jeantown|USA|56437-5405|OH|51959 Dana Keys Apt. 580
PL_354|provider_location|Douglasmouth|USA|99783-1029|HI|505 Anthony Throughway Apt. 935
PL_355|provider_location|Nicolasberg|USA|25328-8797|NJ|704 Hall Coves
PL_356|provider_location|Jenniferborough|USA|75110-9985|OH|7602 Smith Mountains
PL_357|provider_location|Lake Catherine|USA|55838-0825|WV|82865 Vargas Vista Apt. 053
PL_358|provider_location|Arnoldmouth|USA|28576-6247|NM|8272 Anna Cliffs Apt. 442
PL_359|provider_location|North Nicoleton|USA|46391-9063|SD|956 Mcdonald Key
PL_360|provider_location|Lake Frankburgh|USA|71162-0754|NY|44240 Kimberly Estates
PL_361|provider_location|South Paula|USA|23931-2992|MT|735 Susan Manors Suite 202
PL_362|provider_location|Lake Leslie|USA|66731-5868|CA|90458 Pamela Street Apt. 007
PL_363|provider_location|South Samantha|USA|90474-2724|DC|46702 Yang Harbors
PL_364|provider_location|Carolynchester|USA|52915-8666|MT|031 Newman Ports
PL_365|provider_location|Brandonburgh|USA|54429-0821|UT|7792 Baker Mount
PL_366|provider_location|Amyside|USA|11968-8631|MA|677 Santos Garden
PL_367|provider_location|West Nicoleton|USA|01423-1674|KS|313 Wright Summit Suite 920
PL_368|provider_location|South Paulastad|USA|31016-9596|SD|3405 Mccormick Rapid Apt. 714
PL_369|provider_location|South Jaime|USA|09590-7083|WY|3158 Melanie Turnpike
PL_370|provider_location|Gonzalezland|USA|88464-3179|OK|72365 Hardy Greens Suite 907
PL_371|provider_location|Port Cynthia|USA|07232-6205|TX|3453 Zachary Squares Apt. 385
PL_372|provider_location|Richardstad|USA|60610-9819|GA|42789 Danielle Islands Apt. 621
PL_373|provider_location|Wilsonhaven|USA|88753-5216|PA|33417 Boyd Mountains
PL_374|provider_location|New Willie|USA|83494-2794|OR|208 Washington Manor Suite 785
PL_375|provider_location|South Marthatown|USA|45670-3670|OR|71520 Acosta Key Apt. 935
PL_376|provider_location|East Bryanchester|USA|86311-6258|IN|175 Joseph Rest
PL_377|provider_location|Lake Alanview|USA|25884-9181|SC|55785 Jenkins Manors Suite 534
PL_378|provider_location|South Lisa|USA|53144-6998|MN|658 Mccormick Trace Apt. 947
PL_379|provider_location|North Emilyshire|USA|50960-4278|VT|81785 Marquez Fall
PL_380|provider_location|West Courtney|USA|45735-1606|DE|25262 Gibson Crossroad
PL_381|provider_location|Lake Karen|USA|86366-6868|NM|75210 Terry Inlet Suite 130
PL_382|provider_location|Smithstad|USA|22845-2051|ME|8131 Andrews Dale
PL_383|provider_location|Coryborough|USA|10854-4435|AR|8974 Sullivan Manors
PL_384|provider_location|South Karenville|USA|78245-6377|WY|669 Stephanie Tunnel Suite 228
PL_385|provider_location|New Dakotaville|USA|70718-6016|OK|2460 Bryant Fields Suite 683
PL_386|provider_location|New Darryl|USA|51530-5782|VA|76946 Lewis Spurs
PL_387|provider_location|Hannahmouth|USA|50515-9505|MS|6803 Jackson Trace Suite 148
PL_388|provider_location|Harrellton|USA|65922-8950|NV|7161 Ellison Square
PL_389|provider_location|East Colleenside|USA|00549-9340|NY|677 Walker Square Apt. 460
PL_390|provider_location|Mendezport|USA|07616-1817|VA|656 Edwards Rapids Apt. 928
PL_391|provider_location|Lyonstown|USA|68451-6114|ND|7811 Burton Haven Apt. 251
PL_392|provider_location|Phillipstad|USA|62682-2614|TX|560 King Path Apt. 784
PL_393|provider_location|New Patrick|USA|51875-4329|AL|8260 Catherine Lodge Apt. 933
PL_394|provider_location|West Mary|USA|12991-0290|IA|788 John Prairie Apt. 783
PL_395|provider_location|Dylanmouth|USA|34462-2210|NM|7163 Erin Trail Suite 657
PL_396|provider_location|Batesland|USA|26336-6710|NJ|2701 Larry Plaza
PL_397|provider_location|Sarahport|USA|37668-3842|OR|661 Taylor Forks Suite 471
PL_398|provider_location|Mckayton|USA|31513-5115|NV|56027 Alicia Plains Suite 596
PL_399|provider_location|New Markside|USA|24442-7256|HI|73277 Robert Knolls Suite 829
PL_400|provider_location|Wigginsmouth|USA|96357-2120|RI|205 Grant Knolls
PL_401|provider_location|Grantbury|USA|20872-5495|UT|0167 Brian Parkway Suite 970
PL_402|provider_location|Sandratown|USA|33604-3006|CO|53991 Margaret Forge
PL_403|provider_location|Garzamouth|USA|43947-2059|WV|89729 Lisa Groves
PL_404|provider_location|Smithmouth|USA|04472-2498|WV|89851 Perez Underpass Suite 793
PL_405|provider_location|Changland|USA|61654-1748|PA|31727 Mitchell Fork Suite 731
PL_406|provider_location|North Donald|USA|02011-9071|MI|7407 Moore Bypass Apt. 754
PL_407|provider_location|Kevinfurt|USA|14572-7799|MT|034 Kennedy Lane
PL_408|provider_location|New Jimmyville|USA|24515-1776|WA|603 Jennifer Roads
PL_409|provider_location|Alexanderton|USA|51788-7630|NM|3961 Richardson Road
PL_410|provider_location|Porterton|USA|01911-6492|AL|40696 Johnson Street
PL_411|provider_location|Hinesside|USA|17430-5936|NY|1761 Jamie Common
PL_412|provider_location|Markfort|USA|89649-9698|FL|075 Elizabeth Vista
PL_413|provider_location|Larrychester|USA|45290-2043|GA|092 Welch Crescent Apt. 577
PL_414|provider_location|Lake Kennethmouth|USA|46601-6208|NJ|585 Flores Burgs Suite 075
PL_415|provider_location|Port Katherine|USA|25560-1671|IL|29629 Christopher Mountains Suite 877
PL_416|provider_location|Kellymouth|USA|29683-7218|NM|265 Lisa Bridge Apt. 346
PL_417|provider_location|East Tracyhaven|USA|84657-2273|FL|21594 Hunt Road Apt. 321
PL_418|provider_location|Gomezborough|USA|16667-4519|NV|8264 Smith Turnpike Suite 881
PL_419|provider_location|Jakefurt|USA|65025-4353|IN|2187 Lyons Branch
PL_420|provider_location|Perezberg|USA|86906-0306|SC|824 Benitez Highway
PL_421|provider_location|South Michelle|USA|09515-6200|OH|784 Sims Estates Apt. 132
PL_422|provider_location|Tranville|USA|32155-0710|NJ|6859 Dana Center
PL_423|provider_location|Youngbury|USA|95556-2911|MA|601 Erica Lights
PL_424|provider_location|East Michaelstad|USA|57615-6645|IN|1845 Davidson Burg
PL_425|provider_location|Victoriashire|USA|04858-2475|VA|712 Martinez Stream Apt. 716
PL_426|provider_location|Robertmouth|USA|98854-3262|RI|0594 Montes Viaduct
PL_427|provider_location|Aguilarville|USA|83186-1653|FL|9338 Case Garden Apt. 374
PL_428|provider_location|Lake Stacyville|USA|88368-4027|MI|4694 Matthew Knolls
PL_429|provider_location|Johnfurt|USA|19295-0991|TX|24700 Miller Greens Apt. 655
PL_430|provider_location|North Drew|USA|85015-6028|VT|1157 Marcus Viaduct Suite 354
PL_431|provider_location|West Luisfurt|USA|28052-7266|OR|5157 Kevin Mission Apt. 554
PL_432|provider_location|South Lauren|USA|60686-7631|GA|980 Carter Groves Suite 471
PL_433|provider_location|Lake Amandaview|USA|46311-1326|FL|428 Wilson Expressway
PL_434|provider_location|Kristinhaven|USA|06453-9878|RI|66871 Miller Common Apt. 728
PL_435|provider_location|Port Brittany|USA|78848-9711|MD|610 Mark Port Suite 219
PL_436|provider_location|Brownview|USA|74988-0321|IN|498 Isaac Underpass Suite 616
PL_437|provider_location|Shawfurt|USA|39854-0286|IL|18994 Thomas Bypass Suite 937
PL_438|provider_location|Pettyland|USA|30968-4332|AZ|109 Alexander Manors Apt. 137
PL_439|provider_location|West Keith|USA|54141-6850|ND|879 Stephen Road
PL_440|provider_location|South David|USA|55003-3701|NV|292 Richardson Spur
PL_441|provider_location|Jasonberg|USA|73898-8268|SC|954 Fox Coves Suite 069
PL_442|provider_location|South Scott|USA|49641-0787|NY|3868 Rita Lights
PL_443|provider_location|North Samuel|USA|37937-7736|CT|8686 Sandra Court
PL_444|provider_location|Spencermouth|USA|14869-7155|NC|2567 Kristi Trace Suite 012
PL_445|provider_location|New Desireeton|USA|44072-0464|OK|00429 Hill Locks Suite 238
PL_446|provider_location|Josephton|USA|90715-6326|NH|6982 Billy Plaza
PL_447|provider_location|East Jamie|USA|01543-3577|AL|9491 Shelly Fields Apt. 564
PL_448|provider_location|Jasminebury|USA|25519-9135|CO|935 Briana Highway
PL_449|provider_location|Carterland|USA|58397-9598|ND|943 Felicia Gardens Suite 841
PL_450|provider_location|Williamsonchester|USA|35475-0411|NJ|977 Allen Knolls
PL_451|provider_location|West Sarah|USA|95011-1809|MO|533 Ashley Court
PL_452|provider_location|West Matthewshire|USA|91973-2826|IN|474 Claudia Crest Suite 351
PL_453|provider_location|Millerview|USA|13521-8711|AR|562 Michael Trafficway
PL_454|provider_location|Powerstown|USA|22397-6076|ND|531 Charles Spurs Apt. 629
PL_455|provider_location|Gabrielburgh|USA|67200-5189|NJ|5275 Joel Estates Suite 852
PL_456|provider_location|Wendyberg|USA|30020-6007|MI|25864 Garcia Fields Apt. 970
PL_457|provider_location|Christinafurt|USA|83182-1205|WV|97551 Sherman Roads
PL_458|provider_location|Melissashire|USA|65398-8907|HI|580 Rodriguez Dale
PL_459|provider_location|South Chad|USA|19676-2747|FL|66405 Jennifer Estates
PL_460|provider_location|Timothystad|USA|68548-3838|FL|2496 Shawn Lane Apt. 355
PL_461|provider_location|Lake Randyfort|USA|40989-7089|KY|755 Brian Mountains Apt. 733
PL_462|provider_location|West Aliciaville|USA|75197-0570|NM|6214 Christine Mount Apt. 932
PL_463|provider_location|New Danielbury|USA|15811-4293|SC|0340 Diaz Radial Suite 681
PL_464|provider_location|Lake Jamesberg|USA|05235-9275|AK|022 Shawn Squares Apt. 422
PL_465|provider_location|Joseville|USA|07942-4004|AZ|839 Kyle Lock Apt. 445
PL_466|provider_location|Samuelshire|USA|86764-0018|DE|3887 Taylor Skyway Suite 930
PL_467|provider_location|East Kyle|USA|01598-0577|WV|500 Christy Ramp Suite 755
PL_468|provider_location|South Elizabeth|USA|60777-6267|NY|32537 Ball Wells
PL_469|provider_location|Melissaside|USA|55079-5956|MO|77525 Johnson Knolls
PL_470|provider_location|Michaelbury|USA|24402-0944|AR|9032 Robinson Spring
PL_471|provider_location|Sarahtown|USA|45513-3206|IN|3312 Perkins Track Apt. 077
PL_472|provider_location|South Michael|USA|46677-8321|WY|7679 Travis Greens Suite 811
PL_473|provider_location|Dawsonmouth|USA|11168-7698|CO|68145 Jeremy Gardens
PL_474|provider_location|Ortiztown|USA|88846-1440|HI|23518 John Court
PL_475|provider_location|Thomasside|USA|70562-4736|HI|247 Nathan Path Suite 187
PL_476|provider_location|North Lorraine|USA|10452-8888|UT|34336 Miller Ridges Apt. 059
PL_477|provider_location|Dianefort|USA|54196-5706|DE|435 Henry Valleys
PL_478|provider_location|South Ericfort|USA|07650-8370|IL|64903 Stevens Mall Apt. 139
PL_479|provider_location|Seanmouth|USA|19970-5428|TX|67566 Cheryl Loaf Apt. 991
PL_480|provider_location|Whiteborough|USA|40026-7702|AK|49900 Jeff Flat Apt. 018
PL_481|provider_location|South Brandonton|USA|34158-4537|DE|61679 Hunt Hills Apt. 125
PL_482|provider_location|North Angela|USA|12446-2187|MI|89321 Rhodes Motorway
PL_483|provider_location|Howardview|USA|60515-2946|UT|5808 Christopher Tunnel
PL_484|provider_location|Lake Marcside|USA|05146-5790|MI|51017 Ballard Springs
PL_485|provider_location|Wellsside|USA|35889-6603|DC|3031 John Courts Apt. 385
PL_486|provider_location|Adamport|USA|93164-2852|CA|05514 Myers Row
PL_487|provider_location|East Crystalmouth|USA|05515-8763|ID|66329 Cynthia Lights
PL_488|provider_location|East Annaland|USA|36368-7456|ND|0664 Jay Ville
PL_489|provider_location|Daughertyburgh|USA|04706-5713|AK|282 Adam Lights
PL_490|provider_location|North Franciscoview|USA|60867-2417|MD|7631 Reyes Camp Suite 820
PL_491|provider_location|East Heather|USA|91897-4568|ND|43973 Wise Radial Suite 024
PL_492|provider_location|New Christophermouth|USA|98247-0731|OK|66892 Anderson Mill Apt. 998
PL_493|provider_location|Michaeltown|USA|78150-3160|KS|274 Isaac Trail Suite 243
PL_494|provider_location|East Danielchester|USA|16386-1302|TX|85103 Matthew Flats Apt. 837
PL_495|provider_location|North Edwardshire|USA|00818-2908|AZ|973 Thomas View
PL_496|provider_location|New Kevinberg|USA|08201-9429|VA|498 Michael Fords Apt. 475
PL_497|provider_location|Barbaraville|USA|03483-5524|SC|147 Atkinson Creek Apt. 429
PL_498|provider_location|Smithberg|USA|27414-0957|WV|3131 Sullivan Ports Suite 126
PL_499|provider_location|Angelaland|USA|77453-5395|WA|158 Amy Forest Apt. 929
