ID|LABEL|FIRSTNAME|LASTNAME|DOB|EMAIL|SSN
X_0|attorney|Jaime|Arnold|1941-04-06|robinsonjustin@gonzalez.info|133-03-2486
X_1|attorney|Sheila|Wilson|1996-07-02|williamsonpatrick@johnson-adkins.com|769-18-0086
X_2|attorney|Michael|Foster|1937-06-04|danielle96@lee.com|008-41-9217
X_3|attorney|Joshua|Ward|1945-02-11|margaretyoung@hicks.net|641-24-3081
X_4|attorney|Bruce|Davis|1945-01-13|gainesjasmine@jacobs-jordan.org|143-05-7877
X_5|attorney|Brian|Ryan|1947-05-10|reginald93@davies-powell.com|540-09-1997
X_6|attorney|Kenneth|Anderson|1988-11-12|thomasantonio@schmidt-hobbs.com|626-21-6650
X_7|attorney|Gabriel|Greer|1937-09-05|amy74@conley-gilbert.com|331-73-5623
X_8|attorney|Karen|Buchanan|1990-11-05|brendajohnson@walter.com|850-12-7327
X_9|attorney|Daniel|Henderson|1984-01-08|wrodriguez@gilbert.com|358-78-7299
X_10|attorney|Brandi|Bowers|1958-01-17|joseph41@rice.com|242-27-7904
X_11|attorney|Jose|Sutton|1948-08-18|samuelroach@solis-briggs.info|772-40-6671
X_12|attorney|Linda|Smith|1954-01-13|wendy42@jimenez.com|730-33-3188
X_13|attorney|Ryan|Johnson|1976-12-04|bgiles@thomas.com|788-38-9772
X_14|attorney|Olivia|Smith|1947-03-14|rebeccamorris@moyer.org|721-55-5169
X_15|attorney|Alyssa|Frost|1961-08-03|parsonsdonna@jones.com|313-37-8568
X_16|attorney|Michael|Smith|1997-10-25|imiller@murray-hill.org|810-32-5202
X_17|attorney|Sheila|Martinez|1996-04-29|richard73@fischer.info|785-22-5644
X_18|attorney|Bridget|Morris|1985-01-17|halldouglas@scott-sosa.com|184-82-9917
X_19|attorney|Michael|Patel|1936-11-08|powersdana@ruiz.com|826-24-3988
X_20|attorney|Elizabeth|Hall|1972-12-31|umelendez@ramirez.biz|167-13-2105
X_21|attorney|Nichole|Bailey|1986-08-16|ipratt@watson.com|823-90-7643
X_22|attorney|Sarah|Morton|1966-10-13|angelarobertson@wilson.com|208-74-1715
X_23|attorney|Raymond|Saunders|1945-06-07|blackallison@huerta.biz|173-54-5530
X_24|attorney|Jacob|Rogers|1985-04-27|kcampbell@green-brown.com|779-08-5526
X_25|attorney|Cynthia|Flores|1995-12-26|jeanette38@moreno.com|048-01-3150
X_26|attorney|Michael|Santana|1993-03-22|margaret67@smith-adams.org|335-89-9569
X_27|attorney|James|Salinas|1931-12-06|fharvey@clark-rodriguez.net|389-04-5161
X_28|attorney|Jocelyn|West|1961-05-11|tracifernandez@weaver.com|115-98-8213
X_29|attorney|Leslie|Gomez|1993-11-08|sandra52@haney.com|206-76-2244
X_30|attorney|Tyler|Smith|1990-02-08|courtneypollard@williams.net|227-60-5786
X_31|attorney|Brianna|Chambers|1998-07-21|katherine98@guzman.org|878-08-5827
X_32|attorney|Gina|Clarke|1950-11-27|gcameron@allen.com|760-17-6058
X_33|attorney|Jody|Gilmore|1956-09-06|fward@nunez-sparks.com|772-19-5469
X_34|attorney|Kristie|Ponce|1983-02-24|justinortiz@snyder.com|403-80-6005
X_35|attorney|Karen|Mcgee|1946-11-01|jodicunningham@hopkins-powers.com|122-06-5287
X_36|attorney|Donald|Franklin|1983-06-25|samantha04@finley.com|349-49-1762
X_37|attorney|Jennifer|Patton|1948-08-02|lauramassey@nelson-cardenas.com|091-96-7560
X_38|attorney|Rebecca|Patterson|1934-02-03|lesliehayes@mclaughlin.com|807-98-8339
X_39|attorney|Alyssa|Obrien|1963-05-09|powellamy@edwards.info|293-24-6893
X_40|attorney|Katie|Watkins|1941-11-25|tayloreddie@fisher.com|631-88-5704
X_41|attorney|Lindsey|Jones|2001-01-03|herringdaniel@king.com|632-07-8703
X_42|attorney|Michael|Armstrong|1980-03-30|juarezjermaine@cantu.com|092-14-7439
X_43|attorney|Christopher|Roberts|1932-02-15|copelanddaniel@macdonald.com|029-59-2928
X_44|attorney|Anna|Shaffer|1957-10-19|bobbyhoover@porter.com|392-02-9065
X_45|attorney|Richard|Walker|1982-08-13|osanchez@davis.com|674-06-9265
X_46|attorney|Marie|Jackson|1951-11-15|ysanchez@scott-lopez.com|282-64-5075
X_47|attorney|Crystal|Hoffman|1957-04-27|maureen06@summers.com|876-71-2496
X_48|attorney|Amanda|Tran|1951-09-04|heatherobrien@stanley-guerra.org|803-30-0867
X_49|attorney|James|Eaton|1992-09-28|natashawright@myers-farmer.com|794-46-8305
