id,tcga_code
ACH-000698,SCLC
ACH-000489,COAD/READ
ACH-000431,SCLC
ACH-000707,DLBC
ACH-000509,
ACH-000522,BLCA
ACH-000613,SARC
ACH-000829,MM
ACH-000557,LAML
ACH-000614,SKCM
ACH-000523,SCLC
ACH-000691,BRCA
ACH-000424,SARC
ACH-000610,SCLC
ACH-001039,COAD/READ
ACH-000420,LIHC
ACH-000648,MESO
ACH-000091,OV
ACH-000584,OV
ACH-000865,ESCA
ACH-000701,OV
ACH-000293,UCEC
ACH-000043,SKCM
ACH-000595,GBM
ACH-000770,LAML
ACH-000505,SARC
ACH-000022,PAAD
ACH-000203,NB
ACH-000609,GBM
ACH-000774,LUAD
ACH-000296,COAD/READ
ACH-000974,UCEC
ACH-001150,SARC
ACH-001171,PAAD
ACH-000875,LUAD
ACH-000155,PAAD
ACH-000135,SKCM
ACH-000069,
ACH-000285,DLBC
ACH-000144,STAD
ACH-000054,SARC
ACH-000841,LUAD
ACH-000256,OV
ACH-000451,LUAD
ACH-000871,SCLC
ACH-000433,KIRC
ACH-000491,COAD/READ
ACH-000727,SCLC
ACH-000129,SCLC
ACH-000298,SCLC
ACH-001021,LIHC
ACH-000842,COAD/READ
ACH-000616,STAD
ACH-000438,
ACH-000413,
ACH-000967,COAD/READ
ACH-000972,UCEC
ACH-000335,MESO
ACH-000654,DLBC
ACH-000465,SKCM
ACH-000953,ALL
ACH-000848,LIHC
ACH-000612,
ACH-000905,BLCA
ACH-000276,BRCA
ACH-000258,BRCA
ACH-000916,LUAD
ACH-000360,COAD/READ
ACH-000893,LUAD
ACH-000939,SARC
ACH-000759,BRCA
ACH-000059,ALL
ACH-001016,GBM
ACH-000367,LUSC
ACH-000448,LUAD
ACH-000883,LGG
ACH-000569,MESO
ACH-000675,LUAD
ACH-000951,LUAD
ACH-000563,LUSC
ACH-001249,BRCA
ACH-001145,OV
ACH-000801,SKCM
ACH-000529,SARC
ACH-000837,LUAD
ACH-000539,LUAD
ACH-000340,SARC
ACH-000071,
ACH-000164,PAAD
ACH-000718,LUAD
ACH-000147,BRCA
ACH-000230,
ACH-000771,HNSC
ACH-000503,HNSC
ACH-000318,ESCA
ACH-000615,SKCM
ACH-000415,HNSC
ACH-000548,HNSC
ACH-001015,
ACH-000441,SKCM
ACH-000028,BRCA
ACH-001023,THCA
ACH-000495,KIRC
ACH-000501,COAD/READ
ACH-000004,LAML
ACH-000270,PAAD
ACH-000189,KIRC
ACH-000237,OV
ACH-000114,PAAD
ACH-000515,SCLC
ACH-000605,ESCA
ACH-000324,OV
ACH-000086,MESO
ACH-000245,DLBC
ACH-000715,HNSC
ACH-000161,LUAD
ACH-000255,STAD
ACH-000412,COAD/READ
ACH-000803,SCLC
ACH-000159,KIRC
ACH-000671,LIHC
ACH-000042,PAAD
ACH-000458,SKCM
ACH-000794,HNSC
ACH-001188,NB
ACH-000592,
ACH-000513,KIRC
ACH-000345,NB
ACH-000992,HNSC
ACH-000917,ESCA
ACH-001162,MM
ACH-000560,STAD
ACH-000317,KIRC
ACH-000836,HNSC
ACH-000741,BLCA
ACH-000305,ESCA
ACH-000998,COAD/READ
ACH-000537,LIHC
ACH-000532,COAD/READ
ACH-000434,
ACH-000933,PAAD
ACH-000723,HNSC
ACH-000731,LUAD
ACH-001088,
ACH-000459,KIRC
ACH-000941,UCEC
ACH-001234,
ACH-000949,STAD
ACH-000947,OV
ACH-000302,UCEC
ACH-001078,COAD/READ
ACH-000266,PAAD
ACH-000986,COAD/READ
ACH-000726,ESCA
ACH-000452,ESCA
ACH-000908,STAD
ACH-000173,UCEC
ACH-000471,LIHC
ACH-000416,LUAD
ACH-000635,OV
ACH-000286,COAD/READ
ACH-000970,COAD/READ
ACH-000746,STAD
ACH-000197,ALL
ACH-000578,
ACH-000959,COAD/READ
ACH-001214,
ACH-000325,STAD
ACH-000225,STAD
ACH-000485,STAD
ACH-000658,MM
ACH-000333,OV
ACH-000768,BRCA
ACH-000291,OV
ACH-000874,ALL
ACH-000663,OV
ACH-000617,OV
ACH-000393,LIHC
ACH-000997,COAD/READ
ACH-000470,COAD/READ
ACH-000376,GBM
ACH-000304,SKCM
ACH-000476,LIHC
ACH-000383,ESCA
ACH-000963,COAD/READ
ACH-000620,LIHC
ACH-000748,SARC
ACH-000447,LUAD
ACH-000261,LUSC
ACH-000665,LUSC
ACH-000395,LUSC
ACH-000734,LIHC
ACH-000633,STAD
ACH-000401,SKCM
ACH-000729,SCLC
ACH-000965,UCEC
ACH-000396,BLCA
ACH-000878,LUSC
ACH-000152,GBM
ACH-000264,LUAD
ACH-000309,LUAD
ACH-000669,LUSC
ACH-000425,SKCM
ACH-000192,UCEC
ACH-000988,UCEC
ACH-000879,UCEC
ACH-000027,
ACH-000756,LGG
ACH-000030,LUAD
ACH-000809,ESCA
ACH-000201,SARC
ACH-000599,PAAD
ACH-000789,
ACH-000062,LUAD
ACH-000702,
ACH-000243,PAAD
ACH-000463,
ACH-000823,ESCA
ACH-000693,ESCA
ACH-000118,PAAD
ACH-000435,UCEC
ACH-000047,STAD
ACH-000764,STAD
ACH-000103,OV
ACH-000755,BRCA
ACH-000598,MM
ACH-000588,MM
ACH-000576,MM
ACH-000498,LAML
ACH-000419,MM
ACH-000445,GBM
ACH-000479,GBM
ACH-000446,NB
ACH-000444,
ACH-000541,MM
ACH-000351,STAD
ACH-000758,STAD
ACH-000108,UNABLE TO CLASSIFY
ACH-000076,LCML
ACH-000564,MM
ACH-000472,HNSC
ACH-000126,GBM
ACH-000480,LIHC
ACH-000862,BLCA
ACH-000250,KIRC
ACH-000976,
ACH-000773,
ACH-000157,DLBC
ACH-000231,LGG
ACH-000990,UCEC
ACH-000005,LAML
ACH-000808,
ACH-001036,LAML
ACH-000946,UCEC
ACH-000826,UNABLE TO CLASSIFY
ACH-000146,LAML
ACH-000697,DLBC
ACH-000149,NB
ACH-000859,BRCA
ACH-000783,BRCA
ACH-000984,UCEC
ACH-000269,GBM
ACH-000831,UCEC
ACH-000778,HNSC
ACH-000546,HNSC
ACH-000714,MM
ACH-000265,PAAD
ACH-000507,STAD
ACH-001048,OV
ACH-000167,MM
ACH-000484,KIRC
ACH-000847,STAD
ACH-000390,LUSC
ACH-000239,STAD
ACH-000626,MM
ACH-000674,STAD
ACH-001017,STAD
ACH-000721,BRCA
ACH-000464,GBM
ACH-000889,MM
ACH-000662,
ACH-000851,LUAD
ACH-000843,LUSC
ACH-000811,OV
ACH-000094,PAAD
ACH-000583,DLBC
ACH-000869,LUAD
ACH-000440,DLBC
ACH-000555,KIRC
ACH-000923,DLBC
ACH-000052,SARC
ACH-000248,BRCA
ACH-000253,COAD/READ
ACH-000354,PAAD
ACH-000892,LUAD
ACH-000860,LUAD
ACH-000138,PAAD
ACH-000001,OV
ACH-000035,LUAD
ACH-000888,LUAD
ACH-000589,LUAD
ACH-000858,LUSC
ACH-000148,BRCA
ACH-000536,BRCA
ACH-000483,LIHC
ACH-000039,SARC
ACH-000061,ALL
ACH-000846,HNSC
ACH-001189,
ACH-000934,BRCA
ACH-000573,BRCA
ACH-000031,PAAD
ACH-000334,DLBC
ACH-000041,SARC
ACH-000832,HNSC
ACH-000449,SARC
ACH-000890,SCLC
ACH-000496,LUAD
ACH-000835,SARC
ACH-000017,BRCA
ACH-000581,STAD
ACH-000355,SCLC
ACH-000427,STAD
ACH-000364,SARC
ACH-000389,LGG
ACH-000081,LAML
ACH-000374,BRCA
ACH-000018,BLCA
ACH-000096,SARC
ACH-000223,BRCA
ACH-000930,BRCA
ACH-000247,STAD
ACH-000410,SARC
ACH-000055,MB
ACH-000181,HNSC
ACH-000699,BRCA
ACH-000200,LGG
ACH-000397,UCEC
ACH-001093,
ACH-000694,ESCA
ACH-000622,LGG
ACH-000637,ESCA
ACH-000873,ESCA
ACH-000928,UCEC
ACH-000469,GBM
ACH-000672,
ACH-000153,MESO
ACH-001064,
ACH-000341,NB
ACH-000260,NB
ACH-000162,DLBC
ACH-000221,LIHC
ACH-000493,LIHC
ACH-000238,HNSC
ACH-000877,DLBC
ACH-000111,BRCA
ACH-000478,LIHC
ACH-000786,DLBC
ACH-000914,DLBC
ACH-000077,
ACH-000151,DLBC
ACH-000009,COAD/READ
ACH-000087,SARC
ACH-000585,LUSC
ACH-000535,PAAD
ACH-000666,LUAD
ACH-000303,STAD
ACH-000422,LIHC
ACH-000996,UCEC
ACH-000454,LUSC
ACH-000011,BLCA
ACH-000891,
ACH-000026,BLCA
ACH-000348,SKCM
ACH-000682,HNSC
ACH-000618,HNSC
ACH-000314,LUAD
ACH-000812,SKCM
ACH-000901,
ACH-000228,HNSC
ACH-000278,OV
ACH-000968,SKCM
ACH-000123,OV
ACH-000765,SKCM
ACH-000165,
ACH-000007,COAD/READ
ACH-000929,UNABLE TO CLASSIFY
ACH-000867,UNABLE TO CLASSIFY
ACH-000844,SCLC
ACH-000695,SCLC
ACH-000897,THCA
ACH-000749,SCLC
ACH-000903,THCA
ACH-000187,SCLC
ACH-000912,SCLC
ACH-000921,SCLC
ACH-000827,SKCM
ACH-000429,KIRC
ACH-000884,SKCM
ACH-000661,SKCM
ACH-000987,SKCM
ACH-000899,SKCM
ACH-000394,SCLC
ACH-000199,
ACH-000514,SCLC
ACH-000421,COAD/READ
ACH-000217,LIHC
ACH-000882,SKCM
ACH-000780,SCLC
ACH-000830,SCLC
ACH-000586,SCLC
ACH-000382,SCLC
ACH-000608,OV
ACH-000982,COAD/READ
ACH-000619,HNSC
ACH-000508,SCLC
ACH-000743,SCLC
ACH-000735,HNSC
ACH-000606,HNSC
ACH-001047,SCLC
ACH-001183,BLCA
ACH-000732,HNSC
ACH-000688,OV
ACH-000926,COAD/READ
ACH-000704,OV
ACH-000935,COAD/READ
ACH-000116,OV
ACH-000652,PAAD
ACH-001113,
ACH-000263,LAML
ACH-000226,
ACH-000361,LIHC
ACH-000696,OV
ACH-000924,UNABLE TO CLASSIFY
ACH-000961,UCEC
ACH-000628,LUAD
ACH-000945,LUAD
ACH-000677,LUAD
ACH-000646,OV
ACH-000400,COAD/READ
ACH-000053,
ACH-000332,PAAD
ACH-000547,BLCA
ACH-000740,HNSC
ACH-000840,LUAD
ACH-000244,GBM
ACH-000907,KIRC
ACH-000834,BLCA
ACH-000944,DLBC
ACH-001075,
ACH-000520,OV
ACH-000040,GBM
ACH-001233,LUAD
ACH-000712,LUAD
ACH-000833,SARC
ACH-000720,BLCA
ACH-000736,STAD
ACH-000518,HNSC
ACH-000344,STAD
ACH-000257,SCLC
ACH-000738,GBM
ACH-000524,UNABLE TO CLASSIFY
ACH-001043,LCML
ACH-000864,UCEC
ACH-001101,PAAD
ACH-001072,SKCM
ACH-000407,UCEC
ACH-001037,LAML
ACH-000316,LIHC
ACH-001084,COAD/READ
ACH-000110,STAD
ACH-000109,LUAD
ACH-000898,STAD
ACH-000543,GBM
ACH-000991,COAD/READ
ACH-000788,SKCM
ACH-001094,MM
ACH-000999,COAD/READ
ACH-000549,HNSC
ACH-000989,COAD/READ
ACH-000955,COAD/READ
ACH-000623,GBM
ACH-000426,MM
ACH-000466,STAD
ACH-000461,
ACH-000209,
ACH-000868,LUAD
ACH-000710,LUAD
ACH-000289,GBM
ACH-000762,HNSC
ACH-000368,GBM
ACH-000708,COAD/READ
ACH-000500,HNSC
ACH-000141,
ACH-000630,HNSC
ACH-000268,
ACH-000377,
ACH-000517,PAAD
ACH-000692,HNSC
ACH-000683,COAD/READ
ACH-000195,
ACH-000807,
ACH-000370,GBM
ACH-000182,
ACH-000686,LIHC
ACH-000280,OV
ACH-000460,OV
ACH-000089,LIHC
ACH-000550,SKCM
ACH-000211,MB
ACH-000625,LIHC
ACH-000607,SARC
ACH-000705,LUSC
ACH-001089,LIHC
ACH-000641,LAML
ACH-000753,BLCA
ACH-000310,NB
ACH-000656,DLBC
ACH-000085,PAAD
ACH-001044,SKCM
ACH-000468,PAAD
ACH-000994,UCEC
ACH-001049,SCLC
ACH-000813,
ACH-000761,STAD
ACH-001318,LIHC
ACH-000227,NB
ACH-000329,GBM
ACH-000050,MM
ACH-000313,KIRC
ACH-000781,LUAD
ACH-000594,SCLC
ACH-000866,SCLC
ACH-000095,MB
ACH-000177,PRAD
ACH-000179,SCLC
ACH-000214,COAD/READ
ACH-000519,ALL
ACH-000373,LAML
ACH-000322,SKCM
ACH-000640,SKCM
ACH-000180,SKCM
ACH-000814,SKCM
ACH-000158,DLBC
ACH-000224,SARC
ACH-000358,SCLC
ACH-000925,LUAD
ACH-000097,BRCA
ACH-000386,LAML
ACH-000312,NB
ACH-000668,BRCA
ACH-000092,MESO
ACH-000932,STAD
ACH-000104,ALL
ACH-000467,COAD/READ
ACH-000766,LUAD
ACH-000125,
ACH-001071,
ACH-000319,MESO
ACH-000417,PAAD
ACH-000359,SARC
ACH-000307,PAAD
ACH-000284,
ACH-000900,LUAD
ACH-000051,SARC
ACH-000437,GBM
ACH-000331,MESO
ACH-000845,LUAD
ACH-000870,SCLC
ACH-000744,LUAD
ACH-000131,LUAD
ACH-000733,LUAD
ACH-000559,SCLC
ACH-000306,SKCM
ACH-000093,PAAD
ACH-000229,
ACH-000402,DLBC
ACH-000687,DLBC
ACH-000082,SARC
ACH-000565,COAD/READ
ACH-000185,
ACH-000063,
ACH-000240,
ACH-000175,
ACH-000008,SKCM
ACH-000282,LUAD
ACH-001001,
ACH-000482,LUAD
ACH-000021,LUAD
ACH-000384,BLCA
ACH-000067,LGG
ACH-000943,COAD/READ
ACH-000133,SARC
ACH-000132,OV
ACH-000019,BRCA
ACH-000406,DLBC
ACH-000145,
ACH-000538,
ACH-000725,BRCA
ACH-000072,LCML
ACH-000960,ALL
ACH-000776,MB
ACH-001182,
ACH-000722,COAD/READ
ACH-000366,NB
ACH-000530,SCLC
ACH-000561,ESCA
ACH-001146,DLBC
ACH-000567,DLBC
ACH-001144,OV
ACH-000962,OV
ACH-000418,SARC
ACH-000621,BRCA
ACH-000819,GBM
ACH-000411,KIRC
ACH-000649,KIRC
ACH-000713,OV
ACH-000739,LIHC
ACH-001127,ALL
ACH-000816,SCLC
ACH-000290,SCLC
ACH-000601,PAAD
ACH-000796,OV
ACH-000670,SCLC
ACH-000644,SKCM
ACH-000115,PRAD
ACH-001042,OV
ACH-000915,SKCM
ACH-000107,PAAD
ACH-000117,BRCA
ACH-000178,PAAD
ACH-000936,OV
ACH-000657,UNABLE TO CLASSIFY
ACH-000752,SCLC
ACH-000966,OV
ACH-000297,SCLC
ACH-000639,SCLC
ACH-001092,
ACH-000952,PRAD
ACH-000822,SKCM
ACH-000404,SKCM
ACH-000724,BLCA
ACH-000525,SCLC
ACH-000060,PAAD
ACH-001065,BRCA
ACH-000799,SKCM
ACH-001024,SKCM
ACH-000176,LUSC
ACH-000769,LUSC
ACH-000885,OV
ACH-000423,SKCM
ACH-000222,PAAD
ACH-000409,OV
ACH-000638,LUAD
ACH-000442,LUSC
ACH-000521,LUAD
ACH-000931,SKCM
ACH-000574,OV
ACH-000477,SKCM
ACH-000380,MM
ACH-000571,GBM
ACH-000002,LAML
ACH-000863,GBM
ACH-000542,OV
ACH-000311,LUAD
ACH-000881,SKCM
ACH-000651,COAD/READ
ACH-000971,COAD/READ
ACH-000171,KIRC
ACH-000979,PRAD
ACH-000763,MM
ACH-000685,PAAD
ACH-001190,SKCM
ACH-000681,LUAD
ACH-000558,GBM
ACH-000587,LUAD
ACH-000805,SKCM
ACH-000281,PAAD
ACH-000475,LIHC
ACH-000910,BRCA
ACH-000235,PAAD
ACH-000430,UNABLE TO CLASSIFY
ACH-000527,OV
ACH-000330,BRCA
ACH-000450,SKCM
ACH-000371,DLBC
ACH-000572,SKCM
ACH-000378,LUAD
ACH-000102,GBM
ACH-000782,ALL
ACH-000797,LUSC
ACH-000323,GBM
ACH-001098,PAAD
ACH-000667,LUAD
ACH-000784,ESCA
ACH-001000,
ACH-000098,LGG
ACH-000343,LUAD
ACH-000978,UCEC
ACH-000205,PAAD
ACH-001198,LGG
ACH-000582,SKCM
ACH-000190,
ACH-000853,
ACH-000977,PRAD
ACH-000985,COAD/READ
ACH-000562,LUAD
ACH-000570,GBM
ACH-000913,UCEC
ACH-000232,GBM
ACH-000488,ESCA
ACH-000631,GBM
ACH-000954,UCEC
ACH-000647,ESCA
ACH-000909,UCEC
ACH-001126,LGG
ACH-000791,LUAD
ACH-000408,ESCA
ACH-000259,NB
ACH-000980,
ACH-000353,ESCA
ACH-000528,LUAD
ACH-000137,GBM
ACH-000747,LUSC
ACH-000880,STAD
ACH-000347,PAAD
ACH-000207,HNSC
ACH-000927,BRCA
ACH-000046,KIRC
ACH-000950,COAD/READ
ACH-000015,
ACH-000839,BLCA
ACH-000810,SKCM
ACH-000443,OV
ACH-000956,PRAD
ACH-000580,SKCM
ACH-000139,PAAD
ACH-000817,MM
ACH-001061,COAD/READ
ACH-000906,OV
ACH-000327,LUAD
ACH-000379,LUAD
ACH-000252,COAD/READ
ACH-000375,SARC
ACH-000506,SCLC
ACH-000958,COAD/READ
ACH-000120,NB
ACH-000957,COAD/READ
ACH-000820,COAD/READ
ACH-000403,COAD/READ
ACH-000242,BLCA
ACH-000793,STAD
ACH-000080,ALL
ACH-000236,COAD/READ
ACH-000680,COAD/READ
ACH-000540,
ACH-000876,BRCA
ACH-000703,SCLC
ACH-000904,
ACH-000163,THCA
ACH-000849,BRCA
ACH-000767,SCLC
ACH-000048,OV
ACH-000288,BRCA
ACH-000399,SCLC
ACH-000857,BRCA
ACH-000308,OV
ACH-000219,SKCM
ACH-000552,COAD/READ
ACH-000800,SCLC
ACH-000014,SKCM
ACH-000730,SKCM
ACH-000632,SKCM
ACH-000502,PAAD
ACH-001063,OV
ACH-000719,OV
ACH-000090,PRAD
ACH-000551,LCML
ACH-000473,BLCA
ACH-000911,STAD
ACH-000075,GBM
ACH-000234,KIRC
ACH-000679,ESCA
ACH-000709,KIRC
ACH-000577,LIHC
ACH-000919,STAD
ACH-000045,LAML
ACH-001239,SKCM
ACH-000684,KIRC
ACH-000969,COAD/READ
ACH-001045,SKCM
ACH-000381,COAD/READ
ACH-000511,LUSC
ACH-000750,SKCM
ACH-000481,LUSC
ACH-000553,LUSC
ACH-000940,UCEC
ACH-000186,UNABLE TO CLASSIFY
ACH-000579,SKCM
ACH-000824,ESCA
ACH-000362,LAML
ACH-000213,PAAD
ACH-001125,LGG
ACH-000777,ESCA
ACH-000855,ESCA
ACH-000320,PAAD
ACH-000510,
ACH-000023,PAAD
ACH-000650,SKCM
ACH-000673,
ACH-000246,KIRC
ACH-000642,BRCA
ACH-000494,OV
ACH-000591,
ACH-001018,
ACH-000455,
ACH-000272,KIRC
ACH-000279,
ACH-000064,
ACH-000690,
ACH-001194,KIRC
ACH-001207,
ACH-001205,
ACH-000887,
ACH-000170,PRAD
ACH-000036,
ACH-001175,KIRC
ACH-000328,
ACH-000676,
ACH-000300,KIRC
ACH-000208,
ACH-001067,
ACH-000049,KIRC
ACH-000600,KIRC
ACH-000385,KIRC
ACH-000490,CESC
ACH-000283,
ACH-000128,
ACH-000575,
ACH-001225,KIRC
ACH-000215,
ACH-000629,
ACH-001224,KIRC
ACH-001058,
ACH-001079,
ACH-000016,KIRC
ACH-000760,LGG
ACH-000634,
ACH-000029,
ACH-000127,KIRC
ACH-001087,KIRC
ACH-000499,
ACH-000262,KIRC
ACH-000216,ESCA
ACH-000025,
ACH-000453,MM
ACH-000188,HNSC
ACH-001230,LAML
ACH-000078,NB
ACH-000624,BRCA
ACH-000073,DLBC
ACH-000006,LAML
ACH-000678,STAD
ACH-000566,BLCA
ACH-000795,ALL
ACH-000338,
ACH-000254,HNSC
ACH-000531,
ACH-000785,LUAD
ACH-001138,SCLC
ACH-000737,LUSC
ACH-000012,LUAD
ACH-000169,SARC
ACH-001321,THCA
ACH-000387,LAML
ACH-000088,
ACH-000275,
ACH-000079,SARC
ACH-001306,THCA
ACH-000568,BRCA
ACH-000105,ALL
ACH-000728,ALL
ACH-000981,ALL
ACH-000439,LAML
ACH-000742,
ACH-000357,DLBC
ACH-000653,MM
ACH-000388,DLBC
ACH-000342,COAD/READ
ACH-000604,LCML
ACH-000645,MESO
ACH-000902,BRCA
ACH-000130,ALL
ACH-000942,ALL
ACH-000122,
ACH-000798,COAD/READ
ACH-000044,BRCA
ACH-000349,BRCA
ACH-000196,BRCA
ACH-001203,
ACH-001130,ALL
ACH-000336,LAML
ACH-000271,DLBC
ACH-000365,DLBC
ACH-000100,SARC
ACH-000124,DLBC
ACH-000321,LCML
ACH-000363,MM
ACH-000166,LAML
ACH-000850,COAD/READ
ACH-000554,BRCA
ACH-000220,DLBC
ACH-000136,NB
ACH-000717,ESCA
ACH-000350,COAD/READ
ACH-000301,LCML
ACH-000920,LCML
ACH-000038,CLL
ACH-000457,KIRC
ACH-000432,LCML
ACH-000056,DLBC
ACH-000198,LAML
ACH-000938,ALL
ACH-000545,BLCA
ACH-000204,MM
ACH-000787,LUAD
ACH-001129,LAML
ACH-000218,LAML
ACH-000937,ALL
ACH-000462,LCML
ACH-000113,LAML
ACH-000032,ALL
ACH-000326,LCML
ACH-000065,LAML
ACH-000101,ALL
ACH-000241,LCML
ACH-000398,DLBC
ACH-000315,DLBC
ACH-000806,
ACH-000516,SARC
ACH-000643,BRCA
ACH-000156,ALL
ACH-000492,ALL
ACH-000013,OV
ACH-000267,
ACH-000142,BLCA
ACH-001106,ALL
ACH-000659,SCLC
ACH-000392,LUAD
ACH-000852,LUAD
ACH-000886,LUAD
ACH-000894,LUSC
ACH-000274,SKCM
ACH-000277,BRCA
ACH-000818,BRCA
ACH-000083,
ACH-000194,SKCM
ACH-000066,LUAD
ACH-000352,BRCA
ACH-000074,LCML
ACH-000790,SCLC
ACH-000772,SARC
ACH-000804,NB
ACH-000134,
ACH-000140,DLBC
ACH-000828,BRCA
ACH-000119,SARC
ACH-000292,SCLC
ACH-000526,
ACH-000414,LUAD
ACH-000121,LUAD
ACH-000233,
ACH-000603,UNABLE TO CLASSIFY
ACH-000202,COAD/READ
ACH-000636,ALL
ACH-000664,
ACH-000372,ALL
ACH-000802,BLCA
ACH-000792,KIRC
ACH-000391,SARC
ACH-000346,CLL
ACH-000168,LAML
ACH-000775,
ACH-000184,
ACH-000150,
ACH-000154,
ACH-000356,STAD
ACH-001307,THCA
ACH-000486,BLCA
ACH-000983,LCML
ACH-000210,SARC
ACH-000037,SARC
ACH-000295,LCML
ACH-000024,MM
ACH-000174,THCA
ACH-000627,
ACH-000995,ALL
ACH-000070,ALL
ACH-000020,ALL
ACH-000602,LAML
ACH-000754,
ACH-000918,ALL
ACH-000294,LAML
ACH-000596,
ACH-000948,STAD
ACH-000191,THCA
ACH-000106,CLL
ACH-000856,BRCA
ACH-000183,MM
ACH-000815,
ACH-000099,NB
ACH-000287,DLBC
ACH-000593,BLCA
ACH-000611,DLBC
ACH-000193,MM
ACH-000068,DLBC
ACH-000751,LAML
ACH-000405,CLL
ACH-000112,LAML
ACH-000660,DLBC
ACH-000456,THCA
ACH-000973,BLCA
ACH-000249,COAD/READ
ACH-000716,THCA
ACH-001121,
ACH-000895,COAD/READ
ACH-000922,ALL
ACH-000212,BRCA
ACH-000896,BLCA
ACH-000689,SARC
ACH-000369,LAML
ACH-000487,LAML
ACH-000821,MM
ACH-000534,DLBC
ACH-000711,BRCA
ACH-000058,THCA
ACH-000838,MM
ACH-000745,MM
ACH-001041,LUAD
ACH-000993,UCEC
ACH-001108,PAAD
ACH-001107,PAAD
ACH-001118,GBM
ACH-001120,BRCA
ACH-000544,ESCA
ACH-001187,SKCM
ACH-001199,COAD/READ
ACH-000590,LUAD
ACH-001090,HNSC
ACH-001091,COAD/READ
ACH-000299,LAML
ACH-000034,LAML
ACH-001656,LAML
ACH-000964,ALL
ACH-000861,LUAD
ACH-000706,LUAD
ACH-001151,OV
ACH-000428,KIRC
ACH-001208,KIRC
ACH-000655,GBM
ACH-000273,LGG
ACH-000504,GBM
ACH-000825,
ACH-001011,BLCA
ACH-000084,LAML
ACH-000757,UNABLE TO CLASSIFY
ACH-000160,
ACH-000206,
ACH-000003,COAD/READ
ACH-000143,
ACH-000975,
ACH-000339,
ACH-000872,
ACH-000512,
ACH-001099,
ACH-001109,
ACH-001128,
ACH-000533,
ACH-000010,
ACH-000700,
ACH-000251,
ACH-000033,
ACH-000337,LUAD
ACH-001142,
ACH-000854,
ACH-000436,
ACH-000057,MM
ACH-000779,LUAD
ACH-001192,KIRC
ACH-001193,
ACH-001200,
ACH-000556,CESC
ACH-000172,
ACH-000597,
ACH-001210,
ACH-001211,
ACH-001212,
ACH-001020,
ACH-001050,
ACH-001052,
ACH-001053,
ACH-001054,
ACH-001055,
ACH-001096,
ACH-001122,
ACH-001123,
ACH-001170,
ACH-001196,
ACH-001201,
ACH-002212,HNSC
ACH-002213,HNSC
ACH-001331,HNSC
ACH-001332,HNSC
ACH-002043,HNSC
ACH-002234,HNSC
ACH-002239,HNSC
ACH-002244,HNSC
ACH-002045,HNSC
ACH-002249,HNSC
ACH-002250,HNSC
ACH-001542,HNSC
ACH-002260,HNSC
ACH-002265,HNSC
ACH-001625,HNSC
ACH-001626,HNSC
ACH-002294,HNSC
ACH-002295,HNSC
ACH-002296,HNSC
ACH-002297,HNSC
ACH-002298,HNSC
ACH-001385,HNSC
ACH-002029,HNSC
ACH-001641,HNSC
ACH-002305,HNSC
ACH-001496,ESCA
ACH-001497,ESCA
ACH-001500,ESCA
ACH-002243,ESCA
ACH-001544,ESCA
ACH-002263,ESCA
ACH-002264,ESCA
ACH-001368,ESCA
ACH-002292,ESCA
ACH-001654,ESCA
ACH-002311,ESCA
ACH-002218,LAML
ACH-002222,LAML
ACH-002258,LAML
ACH-002290,LAML
ACH-002299,LAML
ACH-002211,
ACH-002255,
ACH-002272,
ACH-002275,
ACH-001639,
ACH-002308,
ACH-001680,
ACH-002214,DLBC
ACH-002220,DLBC
ACH-002221,DLBC
ACH-001498,DLBC
ACH-002253,DLBC
ACH-002254,DLBC
ACH-001638,DLBC
ACH-001642,DLBC
ACH-002062,DLBC
ACH-002307,DLBC
ACH-002313,DLBC
ACH-002314,DLBC
ACH-001703,DLBC
ACH-002236,
ACH-002252,
ACH-002293,
ACH-002300,
ACH-002302,LCML
ACH-002270,MM
ACH-002242,
ACH-002274,
ACH-002339,
ACH-002245,
ACH-002262,LAML
ACH-002209,ALL
ACH-002216,ALL
ACH-002238,ALL
ACH-002241,ALL
ACH-002256,ALL
ACH-002267,ALL
ACH-002059,ALL
ACH-002058,ALL
ACH-002240,
ACH-002316,
ACH-001709,
ACH-002317,ALL
ACH-002210,MM
ACH-002247,MM
ACH-002099,
ACH-002094,
ACH-002103,
ACH-002104,
ACH-002105,
ACH-002106,
ACH-002108,
ACH-002109,
ACH-002110,
ACH-002111,
ACH-002112,
ACH-002113,
ACH-002114,
ACH-002115,
ACH-002116,
ACH-002117,
ACH-002118,
ACH-002119,
ACH-001715,
ACH-002142,
ACH-001526,
ACH-002067,
ACH-002178,
ACH-001820,BRCA
ACH-001358,BRCA
ACH-001819,BRCA
ACH-002163,BRCA
ACH-002179,BRCA
ACH-001494,
ACH-002237,
ACH-001861,
ACH-002312,
ACH-002345,COAD/READ
ACH-001345,COAD/READ
ACH-001081,COAD/READ
ACH-002287,COAD/READ
ACH-002122,STAD
ACH-002141,STAD
ACH-002161,STAD
ACH-002301,STAD
ACH-002198,STAD
ACH-001653,STAD
ACH-001401,ACC
ACH-002090,KIRC
ACH-002139,KIRC
ACH-002150,KIRC
ACH-002151,KIRC
ACH-002155,KIRC
ACH-002167,KIRC
ACH-002168,KIRC
ACH-002187,KIRC
ACH-002188,KIRC
ACH-002189,KIRC
ACH-002191,KIRC
ACH-002192,KIRC
ACH-002195,KIRC
ACH-002199,KIRC
ACH-002089,LUAD
ACH-002101,LUAD
ACH-002102,LUAD
ACH-002157,LUAD
ACH-001137,LUAD
ACH-002174,
ACH-002177,
ACH-001417,
ACH-001362,UNABLE TO CLASSIFY
ACH-001363,UNABLE TO CLASSIFY
ACH-001490,UNABLE TO CLASSIFY
ACH-002095,SCLC
ACH-001489,SCLC
ACH-002144,SCLC
ACH-002145,SCLC
ACH-002154,SCLC
ACH-002051,SCLC
ACH-001549,SCLC
ACH-002052,SCLC
ACH-002077,SCLC
ACH-001958,SCLC
ACH-001591,SCLC
ACH-002170,SCLC
ACH-002171,SCLC
ACH-001364,SCLC
ACH-002173,SCLC
ACH-001599,SCLC
ACH-002176,SCLC
ACH-001365,SCLC
ACH-002196,SCLC
ACH-002123,MESO
ACH-002124,MESO
ACH-002125,MESO
ACH-002126,MESO
ACH-002127,MESO
ACH-002128,MESO
ACH-002129,MESO
ACH-002130,MESO
ACH-002131,MESO
ACH-002132,MESO
ACH-002133,MESO
ACH-002134,MESO
ACH-002135,MESO
ACH-002136,MESO
ACH-002224,GBM
ACH-002225,GBM
ACH-002226,LGG
ACH-002227,GBM
ACH-002229,LGG
ACH-002230,GBM
ACH-002231,GBM
ACH-002259,LGG
ACH-002269,GBM
ACH-002304,GBM
ACH-001711,MB
ACH-002217,NB
ACH-001338,NB
ACH-001344,NB
ACH-001716,NB
ACH-002248,NB
ACH-001355,NB
ACH-002277,NB
ACH-002278,NB
ACH-002279,NB
ACH-002280,NB
ACH-002281,NB
ACH-002282,NB
ACH-002283,NB
ACH-002284,NB
ACH-002083,NB
ACH-002285,NB
ACH-001603,NB
ACH-001674,NB
ACH-002164,PAAD
ACH-002185,PAAD
ACH-002186,PAAD
ACH-002096,SKCM
ACH-002097,SKCM
ACH-002120,SKCM
ACH-002121,SKCM
ACH-002040,SKCM
ACH-002143,SKCM
ACH-002152,SKCM
ACH-002153,SKCM
ACH-002162,SKCM
ACH-002165,SKCM
ACH-002166,SKCM
ACH-002205,SKCM
ACH-002206,SKCM
ACH-002207,SKCM
ACH-001442,
ACH-001328,
ACH-002100,
ACH-002309,
ACH-002194,
ACH-002271,
ACH-002310,
ACH-001274,
ACH-001702,
ACH-001443,THCA
ACH-001528,THCA
ACH-002148,THCA
ACH-001384,THCA
ACH-002235,BLCA
ACH-002266,BLCA
ACH-001333,CESC
ACH-001334,CESC
ACH-002091,CESC
ACH-001336,CESC
ACH-001341,CESC
ACH-001525,CESC
ACH-001359,CESC
ACH-001360,CESC
ACH-001650,CESC
ACH-002020,CESC
ACH-001402,CESC
ACH-002201,
ACH-001517,UCEC
ACH-002146,OV
ACH-002149,OV
ACH-001373,OV
ACH-002181,OV
ACH-002183,OV
ACH-001374,OV
ACH-001630,OV
ACH-001399,COAD/READ
ACH-001418,OV
ACH-001453,PRAD
ACH-001383,PRAD
ACH-001578,
ACH-002288,
ACH-002291,
ACH-001529,
ACH-001530,
ACH-001400,
ACH-002200,
ACH-001655,
ACH-002215,DLBC
ACH-001452,
ACH-002107,
ACH-002233,COAD/READ
ACH-002190,KIRC
ACH-001398,KIRC
ACH-002184,LUAD
ACH-002175,SCLC
ACH-002169,SCLC
ACH-002228,GBM
ACH-002261,NB
ACH-002160,NB
ACH-002098,SKCM
ACH-002246,
ACH-002180,CESC
ACH-002140,OV
ACH-002251,HNSC
ACH-002315,HNSC
ACH-001617,DLBC
ACH-002092,
ACH-002093,
ACH-002147,SKCM
ACH-002306,STAD
ACH-002276,ALL
ACH-002289,
ACH-002208,BRCA
ACH-002193,SCLC
ACH-002223,GBM
ACH-001704,SKCM
ACH-002182,OV
ACH-002202,STAD
ACH-002392,DLBC
ACH-002204,
ACH-002273,LAML
ACH-002232,
ACH-001738,ALL
ACH-001519,
ACH-001136,SCLC
ACH-002197,SCLC
ACH-002341,MESO
ACH-002257,LGG
ACH-002268,GBM
ACH-001605,LGG
ACH-001606,LGG
ACH-001002,SKCM
ACH-002159,SKCM
ACH-001350,THCA
ACH-001086,CESC
ACH-002286,SCLC
ACH-002318,
,
ACH-001396,
ACH-002485,
ACH-001554,
ACH-002500,
ACH-002015,
,
ACH-001795,
ACH-002397,THCA
ACH-002390,LAML
ACH-001546,COAD/READ
ACH-001550,
ACH-001670,
ACH-002391,HNSC
ACH-002396,
ACH-001552,
ACH-002340,NB
ACH-002394,COAD/READ
,
ACH-001116,
,
ACH-002156,LUSC
